"fecha Ejecutada","Disciplina","Epoca del a√±o","Cumplimiento_Estrategia","Cumplimiento_Programa","Ready_Backlog","HH_Actv_Gnerales","HH_En_la_Maquina","Otras_HH"
2019-01-02,"Instrumentos","Verano",0.98,0.95,5.16,0.4,4.4,1
2019-01-04,"Instrumentos","Verano",0.98,0.95,5.16,0.3,1,0
2019-01-08,"Instrumentos","Verano",0.98,0.95,5.16,0.59,6.73,1.54
2019-01-08,"Pozoz","Verano",0.98,0.95,5.16,0.65,4.43,2.43
2019-01-09,"Instrumentos","Verano",0.98,0.95,5.16,0.49,6.37,1.52
2019-01-09,"Mecanica","Verano",0.98,0.95,5.16,0.5,5,0.6
2019-01-09,"Pozoz","Verano",0.98,0.95,5.16,0.81,4.8,2.7
2019-01-11,"Electricidad","Verano",0.98,0.95,5.16,0.9,8.8,1.55
2019-01-11,"Instrumentos","Verano",0.98,0.95,5.16,0.83,7.71,2.19
2019-01-11,"Mecanica","Verano",0.98,0.95,5.16,0.5,7,1.5
2019-01-14,"Instrumentos","Verano",0.98,0.95,5.16,0.5,7,5.2
2019-01-15,"Instrumentos","Verano",0.98,0.95,5.16,0.5,8.5,0.5
2019-01-16,"Pozoz","Verano",0.98,0.95,5.16,0.4,1,1.6
2019-01-17,"Instrumentos","Verano",0.98,0.95,5.16,0.8,3,0.6
2019-01-18,"Instrumentos","Verano",0.98,0.95,5.16,0.8,2.8,1.1
2019-01-19,"Instrumentos","Verano",0.98,0.95,5.16,0,2,0.6
2019-01-21,"Electricidad","Verano",0.98,0.95,5.16,0.8,12.25,3.3
2019-01-21,"Mecanica CBM","Verano",0.98,0.95,5.16,0.5,8,0.6
2019-01-26,"Instrumentos","Verano",0.98,0.95,5.16,0.5,16.9,2
2019-01-31,"Electricidad","Verano",0.98,0.95,5.16,0.2,4,0.4
2019-01-31,"Mecanica","Verano",0.98,0.95,5.16,0.5,20.5,1.5
2019-02-03,"Mecanica","Verano",0.99,0.94,5.82,1.4,9,2.07
2019-02-04,"Electricidad","Verano",0.99,0.94,5.82,1,14,3
2019-02-04,"Instrumentos","Verano",0.99,0.94,5.82,0.1,2,0
2019-02-12,"Instrumentos","Verano",0.99,0.94,5.82,0.5,6.8,1.8
2019-02-13,"Instrumentos","Verano",0.99,0.94,5.82,0.3,10.7,1.1
2019-02-19,"Mecanica","Verano",0.99,0.94,5.82,0.8,9,1.4
2019-02-21,"Instrumentos","Verano",0.99,0.94,5.82,0.4,7,0
2019-02-22,"Instrumentos","Verano",0.99,0.94,5.82,0.5,6,0.6
2019-02-24,"Mecanica","Verano",0.99,0.94,5.82,1.8,6,1.3
2019-02-26,"Electricidad","Verano",0.99,0.94,5.82,0.88,9.81,2.39
2019-02-26,"Instrumentos","Verano",0.99,0.94,5.82,0.6,9.5,1.4
2019-02-27,"Electricidad","Verano",0.99,0.94,5.82,1.11,10.93,2.5
2019-02-28,"Instrumentos","Verano",0.99,0.94,5.82,0.5,11.75,3.4
2019-03-01,"Mecanica","Verano",0.99,0.92,4.67,0.8,9.65,2.14
2019-03-01,"Mecanica VAL","Verano",0.99,0.92,4.67,0.75,8,1.55
2019-03-01,"Pozoz","Verano",0.99,0.92,4.67,0.79,7.24,2.61
2019-03-04,"Electricidad","Verano",0.99,0.92,4.67,0.65,7.53,1.78
2019-03-08,"Pozoz","Verano",0.99,0.92,4.67,0.3,1.8,1.9
2019-03-13,"Instrumentos","Verano",0.99,0.92,4.67,0.2,0.5,0
2019-03-21,"Instrumentos","Verano",0.99,0.92,4.67,1.05,8,1.55
2019-03-25,"Mecanica","Verano",0.99,0.92,4.67,0.7,9,1.3
2019-03-25,"Pozoz","Verano",0.99,0.92,4.67,0.6,3.3,2.2
2019-04-10,"Instrumentos","Verano",0.99,0.94,5.65,0.1,4.2,1
2019-04-11,"Instrumentos","Verano",0.99,0.94,5.65,0,8,0
2019-04-16,"Instrumentos","Verano",0.99,0.94,5.65,0.5,9,1.4
2019-04-17,"Instrumentos","Verano",0.99,0.94,5.65,0.6,8,2.2
2019-04-23,"Instrumentos","Verano",0.99,0.94,5.65,0.5,6.5,0.9
2019-04-25,"Pozoz","Verano",0.99,0.94,5.65,0.5,16,1.5
2019-04-26,"Pozoz","Verano",0.99,0.94,5.65,0.5,16,1.5
2019-05-02,"Instrumentos","Invierno",0.99,0.94,5.96,0.5,10.7,1.5
2019-05-02,"Mecanica VAL","Invierno",0.99,0.94,5.96,1.5,14,2.5
2019-05-07,"Electricidad","Invierno",0.99,0.94,5.96,0,2,0
2019-05-07,"Pozoz","Invierno",0.99,0.94,5.96,0.5,16,1.5
2019-05-09,"Electricidad","Invierno",0.99,0.94,5.96,0.2,2,0.7
2019-05-15,"Instrumentos","Invierno",0.99,0.94,5.96,0.2,6,0.65
2019-05-16,"Pozoz","Invierno",0.99,0.94,5.96,0.5,7,1.5
2019-05-20,"Instrumentos","Invierno",0.99,0.94,5.96,0.3,6,1.3
2019-05-21,"Pozoz","Invierno",0.99,0.94,5.96,0.5,5,3.7
2019-05-22,"Instrumentos","Invierno",0.99,0.94,5.96,0.25,4.15,2.05
2019-05-23,"Mecanica VAL","Invierno",0.99,0.94,5.96,1.5,14,2.6
2019-05-26,"Pozoz","Invierno",0.99,0.94,5.96,1.2,5,3.6
2019-06-06,"Mecanica","Invierno",0.99,0.94,5.78,0.5,7,1.5
2019-06-08,"Instrumentos","Invierno",0.99,0.94,5.78,1,4.3,3.8
2019-06-10,"Mecanica VAL","Invierno",0.99,0.94,5.78,0.42,10.6,1.56
2019-06-12,"Instrumentos","Invierno",0.99,0.94,5.78,0.46,5.88,1.24
2019-06-13,"Instrumentos","Invierno",0.99,0.94,5.78,0.66,7.6,1.15
2019-06-13,"Pozoz","Invierno",0.99,0.94,5.78,0.58,5.9,3.42
2019-06-17,"Instrumentos","Invierno",0.99,0.94,5.78,0.57,6.34,0.96
2019-06-17,"Linea de Mtto","Invierno",0.99,0.94,5.78,0.83,11.07,3.1
2019-06-17,"Mecanica","Invierno",0.99,0.94,5.78,0.83,9.67,1
2019-06-17,"Pozoz","Invierno",0.99,0.94,5.78,0.88,6.8,3.33
2019-06-20,"Electricidad","Invierno",0.99,0.94,5.78,0.5,7,1.5
2019-06-22,"Pozoz","Invierno",0.99,0.94,5.78,1,6,2.2
2019-06-24,"Electricidad","Invierno",0.99,0.94,5.78,1.2,15.3,4.3
2019-06-25,"Instrumentos","Invierno",0.99,0.94,5.78,0.47,5.88,1.48
2019-06-27,"Instrumentos","Invierno",0.99,0.94,5.78,0.1,1,0.4
2019-06-27,"Pozoz","Invierno",0.99,0.94,5.78,0.93,6.98,2.75
2019-07-03,"Instrumentos","Invierno",0.99,0.95,5.75,1,12,2.1
2019-07-15,"Instrumentos","Invierno",0.99,0.95,5.75,2,7,1.5
2019-07-15,"Mecanica","Invierno",0.99,0.95,5.75,0.8,4,0.9
2019-07-23,"Pozoz","Invierno",0.99,0.95,5.75,0.75,3.67,2.47
2019-07-30,"Instrumentos","Invierno",0.99,0.95,5.75,0.39,5.53,0.94
2019-07-30,"Linea de Mtto","Invierno",0.99,0.95,5.75,0.5,5.67,3.83
2019-07-30,"Pozoz","Invierno",0.99,0.95,5.75,0.54,4.2,2.56
2019-07-31,"Pozoz","Invierno",0.99,0.95,5.75,0.91,4.43,3.2
2019-08-06,"Instrumentos","Invierno",0.99,0.91,5.17,0.3,2,0
2019-08-07,"Pozoz","Invierno",0.99,0.91,5.17,1.4,12.4,4.6
2019-08-13,"Instrumentos","Invierno",0.99,0.91,5.17,0.11,4.95,0.78
2019-08-13,"Linea de Mtto","Invierno",0.99,0.91,5.17,1,11,1.5
2019-08-13,"Pozoz","Invierno",0.99,0.91,5.17,1.2,10.3,4.2
2019-08-14,"Instrumentos","Invierno",0.99,0.91,5.17,0.5,6.81,1.09
2019-08-14,"Linea de Mtto","Invierno",0.99,0.91,5.17,0.3,5,0
2019-08-14,"Pozoz","Invierno",0.99,0.91,5.17,0.89,9.14,2.68
2019-08-28,"Instrumentos","Invierno",0.99,0.91,5.17,0.8,9,1.5
2019-09-06,"Electricidad","Invierno",0.99,0.94,5.88,0.5,7,1.5
2019-09-09,"Instrumentos","Invierno",0.99,0.94,5.88,0.32,4.88,0.9
2019-09-16,"Instrumentos","Invierno",0.99,0.94,5.88,0.45,7.26,1.23
2019-09-16,"Linea de Mtto","Invierno",0.99,0.94,5.88,1.05,13.5,1.5
2019-09-16,"Pozoz","Invierno",0.99,0.94,5.88,0.68,5.9,2.76
2019-09-25,"Instrumentos","Invierno",0.99,0.94,5.88,0.38,5.5,0.88
2019-09-25,"Linea de Mtto","Invierno",0.99,0.94,5.88,0.5,6,1
2019-09-25,"Pozoz","Invierno",0.99,0.94,5.88,0.61,4.22,1.97
2019-10-07,"Electricidad","Verano",0.99,0.93,5.91,0.5,7,5.5
2019-10-13,"Mecanica VAL","Verano",0.99,0.93,5.91,0,12,0
2019-10-17,"Instrumentos","Verano",0.99,0.93,5.91,0.38,6.28,1.12
2019-10-17,"Linea de Mtto","Verano",0.99,0.93,5.91,0.75,9.5,1.5
2019-10-23,"Mecanica","Verano",0.99,0.93,5.91,1.45,15.2,1.35
2019-10-25,"Linea de Mtto","Verano",0.99,0.93,5.91,1,11,6
2019-10-28,"Instrumentos","Verano",0.99,0.93,5.91,0.38,4.46,0.89
2019-10-28,"Linea de Mtto","Verano",0.99,0.93,5.91,0.69,6.32,2.27
2019-10-28,"Pozoz","Verano",0.99,0.93,5.91,0.86,4.06,2.41
2019-10-29,"Instrumentos","Verano",0.99,0.93,5.91,0.49,8.55,1.6
2019-10-29,"Linea de Mtto","Verano",0.99,0.93,5.91,0.69,8,2.43
2019-10-29,"Pozoz","Verano",0.99,0.93,5.91,0.62,4.38,2.75
2019-11-06,"Mecanica","Verano",0.99,0.92,5.89,0.83,9.98,2.15
2019-11-06,"Mecanica CBM","Verano",0.99,0.92,5.89,0.35,11.27,1.46
2019-11-22,"Electricidad","Verano",0.99,0.92,5.89,1.8,7,5.4
2019-12-13,"Mecanica VAL","Verano",0.99,0.94,5.46,1.6,7,1.5
2020-01-10,"Pozoz","Verano",0.99,0.95,5.96,0.57,4.93,4.23
2020-01-16,"Instrumentos","Verano",0.99,0.95,5.96,0.5,7,1.45
2020-02-04,"Instrumentos","Verano",0.99,0.94,5.39,0.25,6.4,0.75
2020-02-05,"Electricidad","Verano",0.99,0.94,5.39,0.5,13.3,2.3
2020-02-11,"Electricidad","Verano",0.99,0.94,5.39,0.46,8,2.22
2020-02-11,"Mecanica CBM","Verano",0.99,0.94,5.39,0.33,3.43,0.37
2020-02-11,"Pozoz","Verano",0.99,0.94,5.39,1.25,10,1.85
2020-02-12,"Electricidad","Verano",0.99,0.94,5.39,0.9,7.83,2.85
2020-02-12,"Mecanica CBM","Verano",0.99,0.94,5.39,0.49,6.44,1.44
2020-02-12,"Pozoz","Verano",0.99,0.94,5.39,1.1,4.13,2.99
2020-02-17,"Mecanica","Verano",0.99,0.94,5.39,0.78,7.8,2.96
2020-02-17,"Mecanica CBM","Verano",0.99,0.94,5.39,0.5,6.77,0.9
2020-02-17,"Mecanica VAL","Verano",0.99,0.94,5.39,0.52,7.08,1.6
2020-02-24,"Electricidad","Verano",0.99,0.94,5.39,0.84,7.5,2.21
2020-02-24,"Instrumentos","Verano",0.99,0.94,5.39,0.5,10,1.6
2020-02-24,"Linea de Mtto","Verano",0.99,0.94,5.39,0.58,7.25,2.31
2020-02-24,"Mecanica","Verano",0.99,0.94,5.39,0.86,9.92,2.09
2020-02-24,"Mecanica CBM","Verano",0.99,0.94,5.39,0.56,7.54,1.44
2020-02-24,"Mecanica VAL","Verano",0.99,0.94,5.39,0.74,10.49,2.36
2020-02-24,"Pozoz","Verano",0.99,0.94,5.39,0.76,6.41,2.6
2020-02-25,"Electricidad","Verano",0.99,0.94,5.39,0.43,6.79,2.05
2020-02-25,"Instrumentos","Verano",0.99,0.94,5.39,0.57,7.62,1.38
2020-02-25,"Linea de Mtto","Verano",0.99,0.94,5.39,0.92,10.58,3.07
2020-02-25,"Mecanica","Verano",0.99,0.94,5.39,0.66,7.29,2.23
2020-02-25,"Pozoz","Verano",0.99,0.94,5.39,0.89,5.1,2.92
2020-02-26,"Instrumentos","Verano",0.99,0.94,5.39,0.44,7.09,1.28
2020-02-26,"Linea de Mtto","Verano",0.99,0.94,5.39,0.5,8.5,2.75
2020-02-26,"Mecanica","Verano",0.99,0.94,5.39,0.55,8,2.55
2020-02-26,"Mecanica VAL","Verano",0.99,0.94,5.39,1,11.67,2.33
2020-02-26,"Pozoz","Verano",0.99,0.94,5.39,0.79,5.87,2.58
2020-03-02,"Instrumentos","Verano",0.99,0.91,5.93,0.46,7.85,0.95
2020-03-02,"Mecanica","Verano",0.99,0.91,5.93,0.47,6.67,2.73
2020-03-02,"Mecanica VAL","Verano",0.99,0.91,5.93,0.76,10.45,2.27
2020-03-02,"Pozoz","Verano",0.99,0.91,5.93,0.81,5.9,2.45
2020-03-03,"Electricidad","Verano",0.99,0.91,5.93,0.75,7.05,1.25
2020-03-03,"Instrumentos","Verano",0.99,0.91,5.93,0.34,9,0.58
2020-03-03,"Pozoz","Verano",0.99,0.91,5.93,0.66,5.79,1.29
2020-03-05,"Mecanica","Verano",0.99,0.91,5.93,0.5,7,1.5
2020-03-05,"Mecanica VAL","Verano",0.99,0.91,5.93,0.8,11.66,2.38
2020-03-06,"Instrumentos","Verano",0.99,0.91,5.93,0.54,7.73,0.75
2020-03-06,"Linea de Mtto","Verano",0.99,0.91,5.93,0,0.5,0
2020-03-06,"Mecanica","Verano",0.99,0.91,5.93,0.6,7,1.45
2020-03-06,"Mecanica VAL","Verano",0.99,0.91,5.93,0.9,12,3.53
2020-03-06,"Pozoz","Verano",0.99,0.91,5.93,0.43,7.5,3.4
2020-03-08,"Linea de Mtto","Verano",0.99,0.91,5.93,0.65,7.33,2.1
2020-03-08,"Mecanica","Verano",0.99,0.91,5.93,0.75,8.69,1.77
2020-03-08,"Mecanica VAL","Verano",0.99,0.91,5.93,0.84,8.44,2.57
2020-03-08,"Pozoz","Verano",0.99,0.91,5.93,0.99,9.36,3.08
2020-03-09,"Instrumentos","Verano",0.99,0.91,5.93,0.5,7,1.7
2020-03-09,"Pozoz","Verano",0.99,0.91,5.93,0.5,2.62,1.77
2020-03-10,"Electricidad","Verano",0.99,0.91,5.93,0.68,7.68,2.27
2020-03-10,"Linea de Mtto","Verano",0.99,0.91,5.93,0.5,4,2.5
2020-03-10,"Mecanica CBM","Verano",0.99,0.91,5.93,0.36,3.33,0.42
2020-03-10,"Pozoz","Verano",0.99,0.91,5.93,0.89,4.31,3.07
2020-03-12,"Instrumentos","Verano",0.99,0.91,5.93,0.46,8.62,0.81
2020-03-13,"Electricidad","Verano",0.99,0.91,5.93,1.5,7,3.7
2020-03-16,"Electricidad","Verano",0.99,0.91,5.93,0.2,7,1.8
2020-03-16,"Mecanica VAL","Verano",0.99,0.91,5.93,1.5,7,2.7
2020-03-17,"Instrumentos","Verano",0.99,0.91,5.93,0.54,7.49,1.13
2020-03-17,"Pozoz","Verano",0.99,0.91,5.93,1,7.33,2.02
2020-03-18,"Instrumentos","Verano",0.99,0.91,5.93,0.34,8.6,0.98
2020-03-18,"Pozoz","Verano",0.99,0.91,5.93,0.75,2.65,2.7
2020-03-19,"Electricidad","Verano",0.99,0.91,5.93,0.45,4.75,3.2
2020-03-20,"Instrumentos","Verano",0.99,0.91,5.93,0.7,8.5,0.52
2020-03-20,"Linea de Mtto","Verano",0.99,0.91,5.93,0.5,13.5,2
2020-03-20,"Mecanica","Verano",0.99,0.91,5.93,0.76,9.83,1.92
2020-03-20,"Mecanica CBM","Verano",0.99,0.91,5.93,0.15,4.5,0.7
2020-03-20,"Mecanica VAL","Verano",0.99,0.91,5.93,0.51,9.75,1.83
2020-03-20,"Pozoz","Verano",0.99,0.91,5.93,1,5.71,3.36
2020-03-23,"Mecanica","Verano",0.99,0.91,5.93,0.5,7,1.5
2020-03-24,"Instrumentos","Verano",0.99,0.91,5.93,0.39,5.44,0.96
2020-03-24,"Linea de Mtto","Verano",0.99,0.91,5.93,0,0.5,0
2020-03-24,"Pozoz","Verano",0.99,0.91,5.93,0.77,5.5,3
2020-03-25,"Electricidad","Verano",0.99,0.91,5.93,0.58,6.45,1.72
2020-03-25,"Instrumentos","Verano",0.99,0.91,5.93,0.55,7.54,1.58
2020-03-25,"Linea de Mtto","Verano",0.99,0.91,5.93,0,0.5,0
2020-03-25,"Mecanica CBM","Verano",0.99,0.91,5.93,0.1,3,0
2020-03-25,"Pozoz","Verano",0.99,0.91,5.93,0.59,4.14,2.49
2020-03-27,"Electricidad","Verano",0.99,0.91,5.93,0.58,7.21,1.25
2020-03-27,"Linea de Mtto","Verano",0.99,0.91,5.93,0.5,10.75,2
2020-03-27,"Mecanica","Verano",0.99,0.91,5.93,0.78,8.42,1.63
2020-03-27,"Mecanica CBM","Verano",0.99,0.91,5.93,0.72,7.25,1.68
2020-03-27,"Mecanica VAL","Verano",0.99,0.91,5.93,0.72,13.67,2.92
2020-03-27,"Pozoz","Verano",0.99,0.91,5.93,0.88,6.08,3.1
2020-03-30,"Instrumentos","Verano",0.99,0.91,5.93,0.35,9.44,0.91
2020-03-30,"Mecanica VAL","Verano",0.99,0.91,5.93,0.5,7.3,1.3
2020-03-30,"Pozoz","Verano",0.99,0.91,5.93,0.65,4.38,1.23
2020-04-02,"Linea de Mtto","Verano",0.99,0.93,5.31,0.5,16,1.5
2020-04-02,"Mecanica","Verano",0.99,0.93,5.31,0.86,10.9,2.24
2020-04-02,"Mecanica CBM","Verano",0.99,0.93,5.31,0.2,8,1
2020-04-02,"Mecanica VAL","Verano",0.99,0.93,5.31,0.82,10,3.15
2020-04-02,"Pozoz","Verano",0.99,0.93,5.31,0.67,5.33,1.63
2020-04-06,"Electricidad","Verano",0.99,0.93,5.31,0.5,5,1.3
2020-04-06,"Instrumentos","Verano",0.99,0.93,5.31,0.75,7,1.25
2020-04-08,"Mecanica","Verano",0.99,0.93,5.31,0.82,12.18,2.93
2020-04-08,"Mecanica VAL","Verano",0.99,0.93,5.31,0.86,7.89,1.86
2020-04-08,"Pozoz","Verano",0.99,0.93,5.31,0.76,5.36,2.56
2020-04-13,"Electricidad","Verano",0.99,0.93,5.31,0.77,9.77,2.48
2020-04-13,"Instrumentos","Verano",0.99,0.93,5.31,0.35,6.85,1.05
2020-04-13,"Pozoz","Verano",0.99,0.93,5.31,0.85,4.9,2.88
2020-04-15,"Electricidad","Verano",0.99,0.93,5.31,0.4,8,2.3
2020-04-15,"Linea de Mtto","Verano",0.99,0.93,5.31,0.8,6,2.8
2020-04-15,"Mecanica CBM","Verano",0.99,0.93,5.31,0.25,3,0.5
2020-04-15,"Pozoz","Verano",0.99,0.93,5.31,1.6,12,1.5
2020-04-18,"Linea de Mtto","Verano",0.99,0.93,5.31,0.5,14,1.5
2020-04-18,"Mecanica","Verano",0.99,0.93,5.31,0.71,7.95,1.85
2020-04-18,"Mecanica VAL","Verano",0.99,0.93,5.31,0.57,12.08,1.96
2020-04-18,"Pozoz","Verano",0.99,0.93,5.31,0.74,6.27,2.79
2020-04-19,"Instrumentos","Verano",0.99,0.93,5.31,0,2,0.67
2020-04-20,"Instrumentos","Verano",0.99,0.93,5.31,0.33,7.81,0.59
2020-04-20,"Pozoz","Verano",0.99,0.93,5.31,0.47,6,4.6
2020-04-21,"Electricidad","Verano",0.99,0.93,5.31,0.98,12.29,2.71
2020-04-21,"Pozoz","Verano",0.99,0.93,5.31,0.8,3.52,2.38
2020-04-22,"Mecanica","Verano",0.99,0.93,5.31,0.62,7.22,1.54
2020-04-22,"Mecanica VAL","Verano",0.99,0.93,5.31,0.93,11.67,2.13
2020-04-22,"Pozoz","Verano",0.99,0.93,5.31,0.37,5.7,1.57
2020-04-23,"Instrumentos","Verano",0.99,0.93,5.31,0.6,13,1
2020-04-23,"Mecanica","Verano",0.99,0.93,5.31,0.5,8.92,1.99
2020-04-23,"Mecanica CBM","Verano",0.99,0.93,5.31,0.4,9,0.45
2020-04-23,"Mecanica VAL","Verano",0.99,0.93,5.31,1.33,14.33,3.77
2020-04-23,"Pozoz","Verano",0.99,0.93,5.31,0.5,4,2.65
2020-04-28,"Electricidad","Verano",0.99,0.93,5.31,0.6,5.5,2.55
2020-04-28,"Instrumentos","Verano",0.99,0.93,5.31,0.27,7.17,0.71
2020-04-28,"Mecanica CBM","Verano",0.99,0.93,5.31,0.21,4.86,0.9
2020-04-28,"Pozoz","Verano",0.99,0.93,5.31,0.7,4.04,2.39
2020-04-29,"Instrumentos","Verano",0.99,0.93,5.31,0.5,21,1.6
2020-05-04,"Instrumentos","Invierno",0.99,0.93,6.68,0.5,5.42,0.8
2020-05-04,"Mecanica","Invierno",0.99,0.93,6.68,0.45,10,1.85
2020-05-04,"Pozoz","Invierno",0.99,0.93,6.68,0.5,6,2.7
2020-05-06,"Mecanica","Invierno",0.99,0.93,6.68,1.5,14,2.6
2020-05-07,"Linea de Mtto","Invierno",0.99,0.93,6.68,0.5,15,1.5
2020-05-11,"Electricidad","Invierno",0.99,0.93,6.68,0.5,10,1
2020-05-12,"Mecanica","Invierno",0.99,0.93,6.68,0.68,7.89,1.84
2020-05-12,"Mecanica VAL","Invierno",0.99,0.93,6.68,1.5,21,4.1
2020-05-13,"Instrumentos","Invierno",0.99,0.93,6.68,1,12,3
2020-05-13,"Pozoz","Invierno",0.99,0.93,6.68,1.3,3,2.7
2020-05-15,"Electricidad","Invierno",0.99,0.93,6.68,0.68,6.83,2.24
2020-05-15,"Pozoz","Invierno",0.99,0.93,6.68,0.4,3,2.1
2020-05-18,"Instrumentos","Invierno",0.99,0.93,6.68,0.52,4.12,1.05
2020-05-18,"Pozoz","Invierno",0.99,0.93,6.68,0.6,5,2.07
2020-05-20,"Linea de Mtto","Invierno",0.99,0.93,6.68,0,0.5,0
2020-05-20,"Mecanica","Invierno",0.99,0.93,6.68,0.77,8.66,2.17
2020-05-20,"Mecanica VAL","Invierno",0.99,0.93,6.68,0.75,9.8,1.9
2020-05-20,"Pozoz","Invierno",0.99,0.93,6.68,0.6,3.4,2.6
2020-05-21,"Electricidad","Invierno",0.99,0.93,6.68,0.8,8,1.5
2020-05-22,"Linea de Mtto","Invierno",0.99,0.93,6.68,0.2,3.1,0.6
2020-05-22,"Mecanica","Invierno",0.99,0.93,6.68,0.8,9.17,2.24
2020-05-22,"Mecanica CBM","Invierno",0.99,0.93,6.68,0.2,8,1.3
2020-05-22,"Mecanica VAL","Invierno",0.99,0.93,6.68,0.88,8.9,2.75
2020-05-22,"Pozoz","Invierno",0.99,0.93,6.68,1.45,11,3.05
2020-05-26,"Mecanica","Invierno",0.99,0.93,6.68,0.5,18,4.65
2020-05-27,"Electricidad","Invierno",0.99,0.93,6.68,0.71,8.13,1.83
2020-05-27,"Linea de Mtto","Invierno",0.99,0.93,6.68,1.05,12,2.05
2020-05-27,"Mecanica","Invierno",0.99,0.93,6.68,0.7,7,2
2020-05-27,"Pozoz","Invierno",0.99,0.93,6.68,0.64,6.07,2.44
2020-05-28,"Electricidad","Invierno",0.99,0.93,6.68,0.9,19,3.1
2020-05-28,"Linea de Mtto","Invierno",0.99,0.93,6.68,1.38,7.25,2.17
2020-05-28,"Mecanica","Invierno",0.99,0.93,6.68,0.4,6.15,0.95
2020-05-28,"Mecanica VAL","Invierno",0.99,0.93,6.68,0.2,7,1.5
2020-05-28,"Pozoz","Invierno",0.99,0.93,6.68,0.5,7.9,2.95
2020-05-29,"Instrumentos","Invierno",0.99,0.93,6.68,0.3,14,0.6
2020-06-01,"Instrumentos","Invierno",0.99,0.95,5.31,0.18,4.4,0.55
2020-06-01,"Pozoz","Invierno",0.99,0.95,5.31,0.6,6.67,2.13
2020-06-02,"Instrumentos","Invierno",0.99,0.95,5.31,0.56,8.69,0.68
2020-06-03,"Linea de Mtto","Invierno",0.99,0.95,5.31,0.5,5.5,3.5
2020-06-03,"Mecanica","Invierno",0.99,0.95,5.31,0.85,10.73,2.01
2020-06-03,"Mecanica VAL","Invierno",0.99,0.95,5.31,0.22,7,1.24
2020-06-08,"Instrumentos","Invierno",0.99,0.95,5.31,0.46,4.57,0.81
2020-06-08,"Linea de Mtto","Invierno",0.99,0.95,5.31,2,11,5.9
2020-06-08,"Mecanica VAL","Invierno",0.99,0.95,5.31,0.9,7,1.1
2020-06-09,"Mecanica","Invierno",0.99,0.95,5.31,0.5,8.93,2.77
2020-06-10,"Electricidad","Invierno",0.99,0.95,5.31,0.25,7,2
2020-06-10,"Pozoz","Invierno",0.99,0.95,5.31,1,6,3.6
2020-06-11,"Pozoz","Invierno",0.99,0.95,5.31,0.5,19.3,1.5
2020-06-12,"Electricidad","Invierno",0.99,0.95,5.31,0.7,7,2.3
2020-06-16,"Electricidad","Invierno",0.99,0.95,5.31,0.4,7,1.7
2020-06-16,"Instrumentos","Invierno",0.99,0.95,5.31,0.2,6,0.35
2020-06-16,"Mecanica CBM","Invierno",0.99,0.95,5.31,0.2,6,1.4
2020-06-16,"Pozoz","Invierno",0.99,0.95,5.31,0.77,6.58,3.2
2020-06-20,"Mecanica","Invierno",0.99,0.95,5.31,0.72,8.33,1.43
2020-06-20,"Mecanica CBM","Invierno",0.99,0.95,5.31,0.1,4.5,1.8
2020-06-20,"Mecanica VAL","Invierno",0.99,0.95,5.31,0.5,2,0
2020-06-22,"Mecanica","Invierno",0.99,0.95,5.31,0.66,7.74,2.12
2020-06-22,"Mecanica CBM","Invierno",0.99,0.95,5.31,0.3,5.5,1.4
2020-06-22,"Mecanica VAL","Invierno",0.99,0.95,5.31,0.5,7,1.5
2020-06-22,"Pozoz","Invierno",0.99,0.95,5.31,0.6,4,2.4
2020-06-25,"Pozoz","Invierno",0.99,0.95,5.31,0.5,14.5,1.5
2020-06-26,"Mecanica","Invierno",0.99,0.95,5.31,0.79,7,1.32
2020-06-26,"Mecanica VAL","Invierno",0.99,0.95,5.31,0.46,9.2,1.84
2020-06-30,"Electricidad","Invierno",0.99,0.95,5.31,0.43,6.67,1.53
2020-06-30,"Instrumentos","Invierno",0.99,0.95,5.31,0.55,6.49,1.05
2020-06-30,"Linea de Mtto","Invierno",0.99,0.95,5.31,0.8,1,2.8
2020-06-30,"Mecanica CBM","Invierno",0.99,0.95,5.31,0,11,0
2020-06-30,"Pozoz","Invierno",0.99,0.95,5.31,0.79,5.2,2.01
2020-07-05,"Mecanica","Invierno",0.99,0.94,5.31,0,12,5.4
2020-07-12,"Mecanica","Invierno",0.99,0.94,5.31,0.3,2,0
2020-07-13,"Instrumentos","Invierno",0.99,0.94,5.31,0.31,3.62,0.29
2020-07-13,"Pozoz","Invierno",0.99,0.94,5.31,1,5,4.6
2020-07-14,"Instrumentos","Invierno",0.99,0.94,5.31,0.48,6.54,0.59
2020-07-17,"Electricidad","Invierno",0.99,0.94,5.31,0.32,5.01,1.24
2020-07-17,"Mecanica","Invierno",0.99,0.94,5.31,0.77,7.77,1.54
2020-07-17,"Mecanica VAL","Invierno",0.99,0.94,5.31,0.6,6.5,1.32
2020-07-17,"Pozoz","Invierno",0.99,0.94,5.31,1.35,11.5,1.75
2020-07-21,"Electricidad","Invierno",0.99,0.94,5.31,0,1.5,1.1
2020-07-21,"Instrumentos","Invierno",0.99,0.94,5.31,0.36,6.83,1.09
2020-07-21,"Linea de Mtto","Invierno",0.99,0.94,5.31,2,22,1.5
2020-07-21,"Mecanica","Invierno",0.99,0.94,5.31,0.67,8.36,1.73
2020-07-21,"Mecanica VAL","Invierno",0.99,0.94,5.31,0.67,7,3.03
2020-07-23,"Mecanica","Invierno",0.99,0.94,5.31,0.56,6.02,1.52
2020-07-23,"Mecanica VAL","Invierno",0.99,0.94,5.31,1.1,10.67,4.23
2020-07-23,"Pozoz","Invierno",0.99,0.94,5.31,1.24,9.8,4.32
2020-07-24,"Mecanica","Invierno",0.99,0.94,5.31,0.75,8,2.3
2020-07-24,"Mecanica VAL","Invierno",0.99,0.94,5.31,0.72,11.25,3.12
2020-07-24,"Pozoz","Invierno",0.99,0.94,5.31,1.2,8.5,4
2020-07-27,"Electricidad","Invierno",0.99,0.94,5.31,0.73,12.53,2.73
2020-07-27,"Linea de Mtto","Invierno",0.99,0.94,5.31,1,6,3.2
2020-07-27,"Mecanica","Invierno",0.99,0.94,5.31,1.24,11.38,2.24
2020-07-27,"Mecanica VAL","Invierno",0.99,0.94,5.31,0.25,8,2.57
2020-07-27,"Pozoz","Invierno",0.99,0.94,5.31,0.88,7.32,2.78
2020-07-28,"Electricidad","Invierno",0.99,0.94,5.31,0.5,7,1.4
2020-07-29,"Electricidad","Invierno",0.99,0.94,5.31,0.2,5.7,0.7
2020-08-03,"Electricidad","Invierno",0.99,0.92,6.58,0.5,7,1.5
2020-08-04,"Pozoz","Invierno",0.99,0.92,6.58,0.3,2,1.7
2020-08-05,"Electricidad","Invierno",0.99,0.92,6.58,0.61,11.22,3.06
2020-08-05,"Pozoz","Invierno",0.99,0.92,6.58,0.75,5.5,2.57
2020-08-10,"Mecanica","Invierno",0.99,0.92,6.58,0.75,7.81,1.78
2020-08-10,"Mecanica CBM","Invierno",0.99,0.92,6.58,1.2,16.1,4.1
2020-08-10,"Mecanica VAL","Invierno",0.99,0.92,6.58,1.7,8,2.9
2020-08-11,"Mecanica VAL","Invierno",0.99,0.92,6.58,0.5,18,1.5
2020-08-12,"Mecanica","Invierno",0.99,0.92,6.58,0.5,7,1.5
2020-08-18,"Instrumentos","Invierno",0.99,0.92,6.58,1.15,16,2.4
2020-08-18,"Mecanica CBM","Invierno",0.99,0.92,6.58,0.3,5,0.9
2020-08-18,"Pozoz","Invierno",0.99,0.92,6.58,1,9,4
2020-08-22,"Electricidad","Invierno",0.99,0.92,6.58,0.5,7,1.5
2020-08-22,"Mecanica VAL","Invierno",0.99,0.92,6.58,0.8,12,1.2
2020-08-24,"Electricidad","Invierno",0.99,0.92,6.58,0.61,6.19,1.66
2020-08-24,"Mecanica","Invierno",0.99,0.92,6.58,0.65,9.08,1.51
2020-08-24,"Mecanica CBM","Invierno",0.99,0.92,6.58,1.1,10.2,1.2
2020-08-24,"Mecanica VAL","Invierno",0.99,0.92,6.58,0.58,12.25,3.3
2020-08-24,"Pozoz","Invierno",0.99,0.92,6.58,1.17,11.67,2.97
2020-08-25,"Electricidad","Invierno",0.99,0.92,6.58,0.8,6,0.7
2020-08-25,"Instrumentos","Invierno",0.99,0.92,6.58,0.26,3.48,0.63
2020-08-25,"Mecanica","Invierno",0.99,0.92,6.58,0.73,10.08,2.39
2020-08-25,"Mecanica VAL","Invierno",0.99,0.92,6.58,0.12,7.88,2.5
2020-08-25,"Pozoz","Invierno",0.99,0.92,6.58,0.69,4.07,2.43
2020-08-28,"Instrumentos","Invierno",0.99,0.92,6.58,0.58,6.69,0.88
2020-08-28,"Linea de Mtto","Invierno",0.99,0.92,6.58,0.5,2,1.5
2020-08-28,"Pozoz","Invierno",0.99,0.92,6.58,0.8,4.5,2.95
2020-08-31,"Electricidad","Invierno",0.99,0.92,6.58,0.87,10.61,2.13
2020-08-31,"Instrumentos","Invierno",0.99,0.92,6.58,0.44,7.35,1.02
2020-08-31,"Linea de Mtto","Invierno",0.99,0.92,6.58,0.92,7.52,3.21
2020-08-31,"Mecanica CBM","Invierno",0.99,0.92,6.58,1,8,1.7
2020-08-31,"Pozoz","Invierno",0.99,0.92,6.58,0.7,3.8,2.19
2020-09-01,"Mecanica","Invierno",0.95,0.94,6.2,0.77,4.57,0.86
2020-09-04,"Instrumentos","Invierno",0.95,0.94,6.2,0.3,4,4.9
2020-09-05,"Mecanica VAL","Invierno",0.95,0.94,6.2,1.3,18,4.2
2020-09-06,"Mecanica","Invierno",0.95,0.94,6.2,0.66,8.1,1.37
2020-09-06,"Mecanica VAL","Invierno",0.95,0.94,6.2,0.5,12,5.6
2020-09-07,"Mecanica","Invierno",0.95,0.94,6.2,0.2,6,1.1
2020-09-07,"Mecanica VAL","Invierno",0.95,0.94,6.2,0.5,7,1.7
2020-09-08,"Electricidad","Invierno",0.95,0.94,6.2,1.05,10.75,1.6
2020-09-08,"Linea de Mtto","Invierno",0.95,0.94,6.2,0.35,4.25,1.15
2020-09-08,"Mecanica VAL","Invierno",0.95,0.94,6.2,0.75,17.5,4.4
2020-09-14,"Instrumentos","Invierno",0.95,0.94,6.2,0.5,8,0
2020-09-16,"Mecanica VAL","Invierno",0.95,0.94,6.2,0.5,3,0
2020-09-17,"Instrumentos","Invierno",0.95,0.94,6.2,0.24,8.62,1.15
2020-09-17,"Pozoz","Invierno",0.95,0.94,6.2,0.89,7.95,2.07
2020-09-21,"Instrumentos","Invierno",0.95,0.94,6.2,0.5,9,0.9
2020-09-21,"Mecanica","Invierno",0.95,0.94,6.2,0.72,7.85,1.59
2020-09-21,"Mecanica CBM","Invierno",0.95,0.94,6.2,0.6,12,2.1
2020-09-21,"Mecanica VAL","Invierno",0.95,0.94,6.2,0.9,11,4.33
2020-09-24,"Electricidad","Invierno",0.95,0.94,6.2,0.5,7,1.5
2020-09-24,"Mecanica CBM","Invierno",0.95,0.94,6.2,0.13,5,1.3
2020-09-24,"Mecanica VAL","Invierno",0.95,0.94,6.2,0.8,19,4.1
2020-09-24,"Pozoz","Invierno",0.95,0.94,6.2,1.7,8,3.4
2020-09-25,"Instrumentos","Invierno",0.95,0.94,6.2,0.56,6.42,1.32
2020-09-25,"Linea de Mtto","Invierno",0.95,0.94,6.2,0.5,8,2.4
2020-09-25,"Pozoz","Invierno",0.95,0.94,6.2,0.6,7.6,2.46
2020-09-28,"Electricidad","Invierno",0.95,0.94,6.2,0.8,13.15,4.1
2020-09-28,"Mecanica","Invierno",0.95,0.94,6.2,0.38,5.8,1.14
2020-09-28,"Mecanica VAL","Invierno",0.95,0.94,6.2,0.8,8.4,1.3
2020-09-29,"Instrumentos","Invierno",0.95,0.94,6.2,0,4,1.2
2020-10-01,"Electricidad","Verano",0.96,0.96,5.87,0.69,7.32,3.24
2020-10-02,"Mecanica","Verano",0.96,0.96,5.87,0.1,4.5,1.5
2020-10-02,"Mecanica VAL","Verano",0.96,0.96,5.87,0.5,7,4.5
2020-10-04,"Mecanica VAL","Verano",0.96,0.96,5.87,0.5,14,2.7
2020-10-05,"Electricidad","Verano",0.96,0.96,5.87,0.39,8.7,2.15
2020-10-05,"Mecanica CBM","Verano",0.96,0.96,5.87,0.65,13.05,2.7
2020-10-05,"Pozoz","Verano",0.96,0.96,5.87,0.62,8.07,3.7
2020-10-07,"Mecanica CBM","Verano",0.96,0.96,5.87,0.5,14,4.2
2020-10-07,"Pozoz","Verano",0.96,0.96,5.87,1,4,0
2020-10-16,"Electricidad","Verano",0.96,0.96,5.87,0.93,9.67,2.47
2020-10-16,"Linea de Mtto","Verano",0.96,0.96,5.87,1,8,0.6
2020-10-16,"Mecanica CBM","Verano",0.96,0.96,5.87,0.3,2,0.2
2020-10-19,"Linea de Mtto","Verano",0.96,0.96,5.87,1.25,11,5.85
2020-10-19,"Mecanica","Verano",0.96,0.96,5.87,0.7,9.5,2.13
2020-10-19,"Mecanica VAL","Verano",0.96,0.96,5.87,1.2,7,3
2020-10-19,"Pozoz","Verano",0.96,0.96,5.87,0.27,6,2
2020-10-20,"Electricidad","Verano",0.96,0.96,5.87,0.23,6,0.4
2020-10-20,"Instrumentos","Verano",0.96,0.96,5.87,0.43,6,0.73
2020-10-20,"Linea de Mtto","Verano",0.96,0.96,5.87,0.7,7.6,2.1
2020-10-20,"Pozoz","Verano",0.96,0.96,5.87,0.95,9.05,3.31
2020-10-23,"Mecanica","Verano",0.96,0.96,5.87,0.93,15,2.3
2020-10-23,"Mecanica VAL","Verano",0.96,0.96,5.87,0.9,10.5,5.45
2020-10-24,"Pozoz","Verano",0.96,0.96,5.87,0,2,0
2020-10-26,"Electricidad","Verano",0.96,0.96,5.87,0.82,7,3.28
2020-10-26,"Linea de Mtto","Verano",0.96,0.96,5.87,0.8,6,1.8
2020-10-26,"Mecanica CBM","Verano",0.96,0.96,5.87,0,2,0
2020-10-26,"Pozoz","Verano",0.96,0.96,5.87,0.5,4,1.6
2020-10-28,"Electricidad","Verano",0.96,0.96,5.87,1,7,1.2
2020-10-28,"Instrumentos","Verano",0.96,0.96,5.87,0,7,1.95
2020-10-28,"Linea de Mtto","Verano",0.96,0.96,5.87,0.5,11,4.7
2020-10-28,"Mecanica","Verano",0.96,0.96,5.87,0.8,11.41,2.3
2020-10-28,"Mecanica VAL","Verano",0.96,0.96,5.87,0.45,7,1.82
2020-10-29,"Electricidad","Verano",0.96,0.96,5.87,0.57,7.75,2.02
2020-10-29,"Mecanica","Verano",0.96,0.96,5.87,1.15,11,1.95
2020-10-29,"Pozoz","Verano",0.96,0.96,5.87,0.83,4.86,1.63
2020-11-01,"Mecanica","Verano",0.99,0.94,5.37,0.51,9,1.86
2020-11-01,"Mecanica CBM","Verano",0.99,0.94,5.37,0.5,7,1.6
2020-11-01,"Mecanica VAL","Verano",0.99,0.94,5.37,0.33,15.67,2
2020-11-02,"Mecanica","Verano",0.99,0.94,5.37,1.5,18.3,2.3
2020-11-08,"Electricidad","Verano",0.99,0.94,5.37,1,14,3
2020-11-10,"Instrumentos","Verano",0.99,0.94,5.37,0.1,5.2,0.64
2020-11-10,"Linea de Mtto","Verano",0.99,0.94,5.37,0.5,4.75,2.55
2020-11-10,"Pozoz","Verano",0.99,0.94,5.37,0.75,4.75,1.83
2020-11-13,"Electricidad","Verano",0.99,0.94,5.37,0.5,16,1.5
2020-11-13,"Linea de Mtto","Verano",0.99,0.94,5.37,0.2,2,1.25
2020-11-13,"Pozoz","Verano",0.99,0.94,5.37,0.83,8,3.07
2020-11-17,"Instrumentos","Verano",0.99,0.94,5.37,0.79,1.14,0.14
2020-11-20,"Electricidad","Verano",0.99,0.94,5.37,0.5,7,1.5
2020-11-20,"Instrumentos","Verano",0.99,0.94,5.37,0.45,5.38,0.57
2020-11-20,"Linea de Mtto","Verano",0.99,0.94,5.37,0.45,9.5,2.35
2020-11-20,"Mecanica","Verano",0.99,0.94,5.37,0.95,10.58,2.05
2020-11-20,"Mecanica CBM","Verano",0.99,0.94,5.37,0.47,8,1.03
2020-11-20,"Mecanica VAL","Verano",0.99,0.94,5.37,0.78,11.79,2.19
2020-11-20,"Pozoz","Verano",0.99,0.94,5.37,0.75,2.5,1.35
2020-11-23,"Electricidad","Verano",0.99,0.94,5.37,0.67,6.83,3.22
2020-11-24,"Electricidad","Verano",0.99,0.94,5.37,1.15,9.3,2.3
2020-11-24,"Mecanica","Verano",0.99,0.94,5.37,1.1,8.6,3.5
2020-11-24,"Mecanica VAL","Verano",0.99,0.94,5.37,2,10.5,1.75
2020-11-25,"Instrumentos","Verano",0.99,0.94,5.37,0.47,6.33,0.8
2020-11-25,"Pozoz","Verano",0.99,0.94,5.37,0.31,3.75,1.09
2020-11-26,"Instrumentos","Verano",0.99,0.94,5.37,0.25,8,1.75
2020-11-26,"Mecanica","Verano",0.99,0.94,5.37,0.65,4.5,0.75
2020-11-26,"Pozoz","Verano",0.99,0.94,5.37,0.88,3.5,1.94
2020-11-27,"Electricidad","Verano",0.99,0.94,5.37,0.5,7,5.6
2020-11-27,"Instrumentos","Verano",0.99,0.94,5.37,0.38,5.5,1.2
2020-11-30,"Electricidad","Verano",0.99,0.94,5.37,0.75,9.65,3.55
2020-11-30,"Instrumentos","Verano",0.99,0.94,5.37,0.3,14,3
2020-11-30,"Linea de Mtto","Verano",0.99,0.94,5.37,1,6,1.6
2020-11-30,"Mecanica","Verano",0.99,0.94,5.37,0.3,5.5,1.2
2020-11-30,"Mecanica VAL","Verano",0.99,0.94,5.37,1.07,14.25,2.45
2020-12-01,"Instrumentos","Verano",1,0.96,5.71,1.4,21.8,2.7
2020-12-01,"Mecanica VAL","Verano",1,0.96,5.71,0.8,11,1.7
2020-12-03,"Electricidad","Verano",1,0.96,5.71,0.5,7,1.5
2020-12-03,"Instrumentos","Verano",1,0.96,5.71,0.55,6.5,1.2
2020-12-03,"Linea de Mtto","Verano",1,0.96,5.71,0.5,5,3.7
2020-12-03,"Mecanica","Verano",1,0.96,5.71,0.5,7,1.5
2020-12-03,"Pozoz","Verano",1,0.96,5.71,0.46,5.3,1.18
2020-12-08,"Electricidad","Verano",1,0.96,5.71,0.48,7.42,1.7
2020-12-08,"Linea de Mtto","Verano",1,0.96,5.71,0.5,7,1.5
2020-12-08,"Pozoz","Verano",1,0.96,5.71,1.43,8.67,3.27
2020-12-09,"Instrumentos","Verano",1,0.96,5.71,1.1,8.67,2.03
2020-12-10,"Instrumentos","Verano",1,0.96,5.71,0.25,6.53,0.59
2020-12-10,"Pozoz","Verano",1,0.96,5.71,0.85,5.21,2.24
2020-12-11,"Electricidad","Verano",1,0.96,5.71,0.67,8.33,2.23
2020-12-17,"Electricidad","Verano",1,0.96,5.71,0.5,8.23,1.87
2020-12-17,"Mecanica CBM","Verano",1,0.96,5.71,0.6,7,1.7
2020-12-17,"Pozoz","Verano",1,0.96,5.71,1.07,5.75,2.15
2020-12-20,"Instrumentos","Verano",1,0.96,5.71,0.5,5,1.3
2020-12-20,"Mecanica","Verano",1,0.96,5.71,0.89,10.79,1.76
2020-12-20,"Mecanica VAL","Verano",1,0.96,5.71,0.55,7.17,1.45
2020-12-22,"Electricidad","Verano",1,0.96,5.71,1,14,3
2020-12-22,"Mecanica","Verano",1,0.96,5.71,0.7,9.57,1.85
2020-12-22,"Mecanica VAL","Verano",1,0.96,5.71,0.59,10.33,2.18
2020-12-22,"Pozoz","Verano",1,0.96,5.71,0.5,8,5
2020-12-24,"Electricidad","Verano",1,0.96,5.71,0.23,10.6,2.64
2020-12-24,"Instrumentos","Verano",1,0.96,5.71,0.15,6.2,0.59
2020-12-24,"Linea de Mtto","Verano",1,0.96,5.71,0.5,18,1.5
2020-12-24,"Mecanica CBM","Verano",1,0.96,5.71,0.13,2,0.6
2020-12-24,"Pozoz","Verano",1,0.96,5.71,0.54,3.64,1.76
2020-12-28,"Linea de Mtto","Verano",1,0.96,5.71,1.1,10,3.6
2020-12-28,"Mecanica","Verano",1,0.96,5.71,0.48,9,1.95
2020-12-28,"Mecanica VAL","Verano",1,0.96,5.71,0.87,14.17,3
2020-12-30,"Mecanica VAL","Verano",1,0.96,5.71,2,7,5
2021-01-04,"Linea de Mtto","Verano",1,0.97,6.48,1.14,9.8,4.52
2021-01-04,"Mecanica","Verano",1,0.97,6.48,1.5,10,0.9
2021-01-05,"Electricidad","Verano",1,0.97,6.48,0.3,7,1.8
2021-01-05,"Linea de Mtto","Verano",1,0.97,6.48,0.8,6,2.8
2021-01-05,"Pozoz","Verano",1,0.97,6.48,0.5,7,1.5
2021-01-06,"Electricidad","Verano",1,0.97,6.48,1.5,7,6
2021-01-07,"Mecanica","Verano",1,0.97,6.48,0.5,9,2.6
2021-01-08,"Electricidad","Verano",1,0.97,6.48,1,14,3.5
2021-01-08,"Mecanica","Verano",1,0.97,6.48,0,6.5,2.6
2021-01-09,"Electricidad","Verano",1,0.97,6.48,0.5,7,1.5
2021-01-10,"Mecanica","Verano",1,0.97,6.48,0.5,10,1.5
2021-01-14,"Electricidad","Verano",1,0.97,6.48,0.35,5.68,0.92
2021-01-14,"Instrumentos","Verano",1,0.97,6.48,0.5,4,0.8
2021-01-14,"Linea de Mtto","Verano",1,0.97,6.48,1,7.4,3.22
2021-01-14,"Mecanica CBM","Verano",1,0.97,6.48,0.2,3,1.5
2021-01-14,"Pozoz","Verano",1,0.97,6.48,0.5,3,2.38
2021-01-16,"Mecanica VAL","Verano",1,0.97,6.48,1,21,5.1
2021-01-19,"Instrumentos","Verano",1,0.97,6.48,0.26,4.4,1.1
2021-01-19,"Pozoz","Verano",1,0.97,6.48,0.62,4.54,2.04
2021-01-20,"Instrumentos","Verano",1,0.97,6.48,0.5,9.75,2.28
2021-01-22,"Electricidad","Verano",1,0.97,6.48,0.96,7.11,2.77
2021-01-22,"Instrumentos","Verano",1,0.97,6.48,0.3,15,2
2021-01-22,"Pozoz","Verano",1,0.97,6.48,0,1,0
2021-01-24,"Mecanica VAL","Verano",1,0.97,6.48,0.5,21,3.9
2021-01-25,"Electricidad","Verano",1,0.97,6.48,0.32,6.88,0.54
2021-01-25,"Instrumentos","Verano",1,0.97,6.48,0.28,6.7,0.5
2021-01-25,"Pozoz","Verano",1,0.97,6.48,1.1,11.7,1.5
2021-01-26,"Electricidad","Verano",1,0.97,6.48,0.61,8.87,2.45
2021-01-27,"Electricidad","Verano",1,0.97,6.48,0.5,7,1.45
2021-01-27,"Mecanica","Verano",1,0.97,6.48,0,14,1.9
2021-01-28,"Instrumentos","Verano",1,0.97,6.48,0.32,6.92,0.82
2021-01-28,"Linea de Mtto","Verano",1,0.97,6.48,0.86,8.14,2.5
2021-01-28,"Mecanica","Verano",1,0.97,6.48,0.82,9.78,2.08
2021-01-28,"Mecanica CBM","Verano",1,0.97,6.48,0.8,9,1.37
2021-01-28,"Mecanica VAL","Verano",1,0.97,6.48,1.25,9.83,3.43
2021-01-28,"Pozoz","Verano",1,0.97,6.48,0.79,6.67,2.28
2021-01-29,"Electricidad","Verano",1,0.97,6.48,0.1,7,1.2
2021-02-01,"Instrumentos","Verano",1,0.94,5.63,0.56,6.38,1.11
2021-02-01,"Linea de Mtto","Verano",1,0.94,5.63,1.3,11,5.8
2021-02-01,"Mecanica","Verano",1,0.94,5.63,0.69,8.86,2.02
2021-02-01,"Mecanica CBM","Verano",1,0.94,5.63,0.5,12.95,2.5
2021-02-01,"Mecanica VAL","Verano",1,0.94,5.63,0.9,13,1.97
2021-02-01,"Pozoz","Verano",1,0.94,5.63,0.5,10.25,1.48
2021-02-02,"Electricidad","Verano",1,0.94,5.63,0.75,10.5,1.75
2021-02-03,"Electricidad","Verano",1,0.94,5.63,0.3,7,4.5
2021-02-05,"Electricidad","Verano",1,0.94,5.63,0.3,4,0.5
2021-02-08,"Electricidad","Verano",1,0.94,5.63,0.32,5.12,1.2
2021-02-08,"Instrumentos","Verano",1,0.94,5.63,0.5,7,1.5
2021-02-09,"Electricidad","Verano",1,0.94,5.63,1.5,7,5.8
2021-02-11,"Instrumentos","Verano",1,0.94,5.63,0.17,4.67,0.4
2021-02-11,"Linea de Mtto","Verano",1,0.94,5.63,0.8,10,3.6
2021-02-11,"Pozoz","Verano",1,0.94,5.63,1,5,2.2
2021-02-15,"Electricidad","Verano",1,0.94,5.63,0.9,7,3.12
2021-02-15,"Linea de Mtto","Verano",1,0.94,5.63,0.48,7.75,1.98
2021-02-15,"Pozoz","Verano",1,0.94,5.63,1.33,6.33,2.13
2021-02-17,"Electricidad","Verano",1,0.94,5.63,1,14,3.1
2021-02-18,"Electricidad","Verano",1,0.94,5.63,2,7,6
2021-02-19,"Electricidad","Verano",1,0.94,5.63,0.8,7,2.5
2021-02-19,"Linea de Mtto","Verano",1,0.94,5.63,1,6,5.9
2021-02-21,"Mecanica","Verano",1,0.94,5.63,0.88,9.14,2.16
2021-02-21,"Mecanica CBM","Verano",1,0.94,5.63,0.27,8.63,1.13
2021-02-21,"Mecanica VAL","Verano",1,0.94,5.63,0.88,19,3.78
2021-02-21,"Pozoz","Verano",1,0.94,5.63,0.5,9,1.6
2021-02-22,"Electricidad","Verano",1,0.94,5.63,0.53,8.8,1.79
2021-02-23,"Electricidad","Verano",1,0.94,5.63,0,7,1.1
2021-02-24,"Electricidad","Verano",1,0.94,5.63,0.5,7,1.5
2021-02-24,"Mecanica VAL","Verano",1,0.94,5.63,1.8,14,2.3
2021-02-25,"Electricidad","Verano",1,0.94,5.63,0.5,7,3
2021-02-25,"Instrumentos","Verano",1,0.94,5.63,0.5,6.97,0.9
2021-02-25,"Pozoz","Verano",1,0.94,5.63,0.51,5.86,1.56
2021-03-01,"Electricidad","Verano",1,0.96,6.25,0.65,6.29,1.92
2021-03-01,"Linea de Mtto","Verano",1,0.96,6.25,0.4,4,2.7
2021-03-01,"Mecanica","Verano",1,0.96,6.25,1.04,10.62,2.14
2021-03-01,"Mecanica CBM","Verano",1,0.96,6.25,0.95,13.55,2.45
2021-03-01,"Mecanica VAL","Verano",1,0.96,6.25,0.5,7,4.5
2021-03-02,"Electricidad","Verano",1,0.96,6.25,0,6,1.2
2021-03-02,"Instrumentos","Verano",1,0.96,6.25,0.29,4.07,0.6
2021-03-02,"Mecanica","Verano",1,0.96,6.25,0.93,8.33,2.17
2021-03-02,"Pozoz","Verano",1,0.96,6.25,0.9,5.6,2.31
2021-03-03,"Electricidad","Verano",1,0.96,6.25,0.81,7.6,1.89
2021-03-04,"Instrumentos","Verano",1,0.96,6.25,0.35,4.5,0.5
2021-03-04,"Mecanica","Verano",1,0.96,6.25,0.79,8.67,1.62
2021-03-04,"Pozoz","Verano",1,0.96,6.25,0.5,6,2.2
2021-03-08,"Electricidad","Verano",1,0.96,6.25,0.8,7.4,1.4
2021-03-08,"Pozoz","Verano",1,0.96,6.25,0.56,7.62,1.47
2021-03-09,"Electricidad","Verano",1,0.96,6.25,0.9,7,2.46
2021-03-15,"Electricidad","Verano",1,0.96,6.25,0.25,7.75,1.85
2021-03-16,"Electricidad","Verano",1,0.96,6.25,1.65,14,2.95
2021-03-18,"Electricidad","Verano",1,0.96,6.25,2,7,6
2021-03-18,"Mecanica CBM","Verano",1,0.96,6.25,0.05,5,0.75
2021-03-18,"Pozoz","Verano",1,0.96,6.25,1,6,1.2
2021-03-19,"Instrumentos","Verano",1,0.96,6.25,0.32,8.8,1.4
2021-03-19,"Linea de Mtto","Verano",1,0.96,6.25,0.5,10,5
2021-03-19,"Mecanica","Verano",1,0.96,6.25,0.64,8.45,1.9
2021-03-19,"Mecanica VAL","Verano",1,0.96,6.25,0.45,10.64,2.73
2021-03-26,"Instrumentos","Verano",1,0.96,6.25,0.2,7,1
2021-03-26,"Pozoz","Verano",1,0.96,6.25,1.12,6.5,2.15
2021-03-28,"Electricidad","Verano",1,0.96,6.25,0.75,15,3.3
2021-03-29,"Electricidad","Verano",1,0.96,6.25,0.1,5,0.6
2021-03-30,"Electricidad","Verano",1,0.96,6.25,0.1,5,1.35
2021-04-05,"Electricidad","Verano",0.99,0.96,5.58,0.42,7.75,1.2
2021-04-05,"Mecanica CBM","Verano",0.99,0.96,5.58,0,2,0
2021-04-08,"Electricidad","Verano",0.99,0.96,5.58,0.78,8.71,1.61
2021-04-08,"Mecanica CBM","Verano",0.99,0.96,5.58,0.1,2,0.57
2021-04-08,"Pozoz","Verano",0.99,0.96,5.58,2,12,2.4
2021-04-09,"Electricidad","Verano",0.99,0.96,5.58,0.47,8.38,1.65
2021-04-09,"Linea de Mtto","Verano",0.99,0.96,5.58,0.3,4,3.7
2021-04-10,"Mecanica","Verano",0.99,0.96,5.58,0.5,7,1.5
2021-04-15,"Instrumentos","Verano",0.99,0.96,5.58,0.29,6.38,1.08
2021-04-15,"Linea de Mtto","Verano",0.99,0.96,5.58,0.2,3,0
2021-04-15,"Pozoz","Verano",0.99,0.96,5.58,0.76,5.88,2.08
2021-04-19,"Linea de Mtto","Verano",0.99,0.96,5.58,0.5,20,1.5
2021-04-19,"Mecanica","Verano",0.99,0.96,5.58,0.63,7.84,1.61
2021-04-19,"Mecanica VAL","Verano",0.99,0.96,5.58,0.5,7,1.5
2021-04-19,"Pozoz","Verano",0.99,0.96,5.58,2,10,4.4
2021-04-20,"Mecanica VAL","Verano",0.99,0.96,5.58,0.8,8,1.5
2021-04-21,"Linea de Mtto","Verano",0.99,0.96,5.58,0.5,14,1.5
2021-04-21,"Mecanica","Verano",0.99,0.96,5.58,0.75,10.61,2.53
2021-04-21,"Mecanica CBM","Verano",0.99,0.96,5.58,0.2,5,1.9
2021-04-21,"Mecanica VAL","Verano",0.99,0.96,5.58,0.9,15.4,1.74
2021-04-26,"Electricidad","Verano",0.99,0.96,5.58,0,7,2
2021-04-26,"Linea de Mtto","Verano",0.99,0.96,5.58,0.6,5.75,2.35
2021-04-26,"Mecanica","Verano",0.99,0.96,5.58,0.8,9,1.5
2021-04-26,"Mecanica VAL","Verano",0.99,0.96,5.58,1,14,3.1
2021-04-26,"Pozoz","Verano",0.99,0.96,5.58,1,6,2.2
2021-05-02,"Mecanica CBM","Invierno",0.99,0.92,4.87,0.3,6,1.4
2021-05-07,"Instrumentos","Invierno",0.99,0.92,4.87,0.13,4.75,0.43
2021-05-07,"Pozoz","Invierno",0.99,0.92,4.87,0.2,6,1.1
2021-05-13,"Instrumentos","Invierno",0.99,0.92,4.87,0.37,6.96,0.79
2021-05-13,"Linea de Mtto","Invierno",0.99,0.92,4.87,0.3,8,0.5
2021-05-13,"Pozoz","Invierno",0.99,0.92,4.87,0.91,7.61,2.18
2021-05-17,"Electricidad","Invierno",0.99,0.92,4.87,0.5,7,1.5
2021-05-18,"Pozoz","Invierno",0.99,0.92,4.87,0.27,4.53,1.57
2021-05-19,"Mecanica","Invierno",0.99,0.92,4.87,0.5,7,3.8
2021-05-20,"Electricidad","Invierno",0.99,0.92,4.87,0.66,7.58,1.98
2021-05-20,"Instrumentos","Invierno",0.99,0.92,4.87,0.64,9.07,2.77
2021-05-20,"Linea de Mtto","Invierno",0.99,0.92,4.87,0.88,11.75,2.38
2021-05-20,"Mecanica","Invierno",0.99,0.92,4.87,0.83,8.81,2.07
2021-05-20,"Mecanica VAL","Invierno",0.99,0.92,4.87,0.48,9.54,1.38
2021-05-20,"Pozoz","Invierno",0.99,0.92,4.87,0.94,7.97,2.34
2021-05-25,"Mecanica","Invierno",0.99,0.92,4.87,1.5,17,2.1
2021-05-26,"Mecanica","Invierno",0.99,0.92,4.87,0.3,18,0.8
2021-05-27,"Electricidad","Invierno",0.99,0.92,4.87,0.78,8.57,3.51
2021-05-27,"Mecanica CBM","Invierno",0.99,0.92,4.87,0.1,6.5,0.5
2021-05-27,"Pozoz","Invierno",0.99,0.92,4.87,1.25,6,3.8
2021-05-28,"Linea de Mtto","Invierno",0.99,0.92,4.87,0.5,18,1.5
2021-05-28,"Mecanica","Invierno",0.99,0.92,4.87,1,12.65,1.96
2021-05-28,"Mecanica VAL","Invierno",0.99,0.92,4.87,0.81,9.17,1.88
2021-06-08,"Instrumentos","Invierno",0.99,0.96,4.7,0.3,10,0
2021-06-11,"Instrumentos","Invierno",0.99,0.96,4.7,0.35,5.08,0.94
2021-06-11,"Linea de Mtto","Invierno",0.99,0.96,4.7,0.5,7.5,0.75
2021-06-11,"Pozoz","Invierno",0.99,0.96,4.7,1.05,6.67,2.59
2021-06-18,"Electricidad","Invierno",0.99,0.96,4.7,1,7,2.9
2021-06-21,"Electricidad","Invierno",0.99,0.96,4.7,0.6,5.75,1.15
2021-06-21,"Linea de Mtto","Invierno",0.99,0.96,4.7,0.66,12.6,1.94
2021-06-21,"Mecanica","Invierno",0.99,0.96,4.7,0.82,10.81,2.12
2021-06-21,"Mecanica CBM","Invierno",0.99,0.96,4.7,0.1,2,0
2021-06-21,"Mecanica VAL","Invierno",0.99,0.96,4.7,0.9,10,2.1
2021-06-21,"Pozoz","Invierno",0.99,0.96,4.7,0.35,5,2.6
2021-06-22,"Electricidad","Invierno",0.99,0.96,4.7,1,7,5
2021-06-23,"Mecanica","Invierno",0.99,0.96,4.7,0.72,10.56,1.52
2021-06-23,"Mecanica VAL","Invierno",0.99,0.96,4.7,0.5,7,1.5
2021-06-24,"Electricidad","Invierno",0.99,0.96,4.7,0.35,4.5,0.15
2021-06-24,"Mecanica CBM","Invierno",0.99,0.96,4.7,0.05,2,0
2021-06-24,"Mecanica VAL","Invierno",0.99,0.96,4.7,1,11.5,2.67
2021-06-25,"Instrumentos","Invierno",0.99,0.96,4.7,0.38,4.96,0.87
2021-06-25,"Pozoz","Invierno",0.99,0.96,4.7,0.85,6.33,3.77
2021-06-27,"Mecanica","Invierno",0.99,0.96,4.7,0.5,7,1.5
2021-06-28,"Electricidad","Invierno",0.99,0.96,4.7,0.83,9.04,2.76
2021-06-29,"Instrumentos","Invierno",0.99,0.96,4.7,0.2,2.58,0.42
2021-06-29,"Mecanica","Invierno",0.99,0.96,4.7,0.8,18,0.8
2021-06-30,"Instrumentos","Invierno",0.99,0.96,4.7,0.3,4.8,0.62
2021-06-30,"Mecanica","Invierno",0.99,0.96,4.7,0.53,10,1.37
2021-06-30,"Mecanica VAL","Invierno",0.99,0.96,4.7,1.15,8.25,2.55
2021-07-01,"Electricidad","Invierno",1,0.97,4.78,0.61,7,1.49
2021-07-01,"Instrumentos","Invierno",1,0.97,4.78,0.42,7.43,1.17
2021-07-01,"Linea de Mtto","Invierno",1,0.97,4.78,0.65,4.75,3.4
2021-07-01,"Pozoz","Invierno",1,0.97,4.78,0.68,5.6,2.23
2021-07-02,"Mecanica","Invierno",1,0.97,4.78,1.35,16,2.9
2021-07-05,"Mecanica VAL","Invierno",1,0.97,4.78,2,14,2.1
2021-07-06,"Electricidad","Invierno",1,0.97,4.78,0.4,8.5,1
2021-07-07,"Instrumentos","Invierno",1,0.97,4.78,0.32,5.74,0.92
2021-07-09,"Linea de Mtto","Invierno",1,0.97,4.78,0.7,6,2
2021-07-09,"Mecanica","Invierno",1,0.97,4.78,0.4,8,0.9
2021-07-11,"Instrumentos","Invierno",1,0.97,4.78,0.2,8,1.7
2021-07-12,"Electricidad","Invierno",1,0.97,4.78,2,21,3
2021-07-12,"Mecanica","Invierno",1,0.97,4.78,0.5,7,1.5
2021-07-16,"Electricidad","Invierno",1,0.97,4.78,0.61,7.88,1.54
2021-07-16,"Linea de Mtto","Invierno",1,0.97,4.78,0.6,12,2.6
2021-07-16,"Mecanica CBM","Invierno",1,0.97,4.78,1.6,8,1.2
2021-07-19,"Mecanica","Invierno",1,0.97,4.78,0.8,10.76,1.73
2021-07-19,"Mecanica VAL","Invierno",1,0.97,4.78,0.84,12.7,1.8
2021-07-21,"Instrumentos","Invierno",1,0.97,4.78,0.18,3.6,0.76
2021-07-21,"Linea de Mtto","Invierno",1,0.97,4.78,0.85,13.5,0.75
2021-07-21,"Mecanica VAL","Invierno",1,0.97,4.78,0.5,12,5.6
2021-07-22,"Mecanica","Invierno",1,0.97,4.78,0.65,8.8,1.94
2021-07-28,"Mecanica","Invierno",1,0.97,4.78,0.88,11.78,2.51
2021-07-28,"Pozoz","Invierno",1,0.97,4.78,1.67,10.33,3.37
2021-07-29,"Electricidad","Invierno",1,0.97,4.78,0.7,9.75,1.7
2021-07-29,"Instrumentos","Invierno",1,0.97,4.78,0.42,5.12,0.94
2021-07-29,"Linea de Mtto","Invierno",1,0.97,4.78,0.5,9.5,1.15
2021-07-29,"Pozoz","Invierno",1,0.97,4.78,1.01,6.57,2.61
2021-07-30,"Mecanica VAL","Invierno",1,0.97,4.78,0.5,8,1.47
2021-07-31,"Electricidad","Invierno",1,0.97,4.78,0.3,3.5,1.7
2021-08-03,"Mecanica","Invierno",1,0.97,4.7,0.5,7,1.5
2021-08-04,"Electricidad","Invierno",1,0.97,4.7,0,7,1.9
2021-08-05,"Electricidad","Invierno",1,0.97,4.7,0.54,7.61,1.32
2021-08-05,"Instrumentos","Invierno",1,0.97,4.7,0.1,1.17,0.33
2021-08-05,"Pozoz","Invierno",1,0.97,4.7,0.75,6.5,1.85
2021-08-06,"Instrumentos","Invierno",1,0.97,4.7,0.2,7,0.6
2021-08-10,"Electricidad","Invierno",1,0.97,4.7,0.5,7,1.5
2021-08-18,"Electricidad","Invierno",1,0.97,4.7,0.52,9.67,1.84
2021-08-18,"Linea de Mtto","Invierno",1,0.97,4.7,1,5,2.7
2021-08-18,"Pozoz","Invierno",1,0.97,4.7,0.5,4.5,2.02
2021-08-19,"Electricidad","Invierno",1,0.97,4.7,1.5,7,1.5
2021-08-20,"Linea de Mtto","Invierno",1,0.97,4.7,0.5,22,1.5
2021-08-20,"Mecanica","Invierno",1,0.97,4.7,0.7,9.9,1.86
2021-08-20,"Mecanica VAL","Invierno",1,0.97,4.7,0.93,11.38,2.39
2021-08-20,"Pozoz","Invierno",1,0.97,4.7,1,7,1.85
2021-08-25,"Instrumentos","Invierno",1,0.97,4.7,0.59,6.58,0.94
2021-08-26,"Electricidad","Invierno",1,0.97,4.7,0.95,9.28,2.7
2021-08-26,"Instrumentos","Invierno",1,0.97,4.7,0.4,7.7,0.8
2021-08-26,"Linea de Mtto","Invierno",1,0.97,4.7,0.2,1.5,1.45
2021-08-26,"Pozoz","Invierno",1,0.97,4.7,1,6.27,2.16
2021-09-01,"Electricidad","Invierno",1,0.97,5.53,0.5,7,1.5
2021-09-02,"Instrumentos","Invierno",1,0.97,5.53,0.5,4,0.6
2021-09-12,"Electricidad","Invierno",1,0.97,5.53,0.8,6,1.6
2021-09-13,"Electricidad","Invierno",1,0.97,5.53,0.6,6.7,1.62
2021-09-13,"Pozoz","Invierno",1,0.97,5.53,1.4,6.6,3.78
2021-09-16,"Electricidad","Invierno",1,0.97,5.53,0.75,13.5,2.25
2021-09-16,"Instrumentos","Invierno",1,0.97,5.53,0.33,5.79,0.48
2021-09-16,"Mecanica","Invierno",1,0.97,5.53,0.8,7,1.4
2021-09-16,"Pozoz","Invierno",1,0.97,5.53,1.06,6.54,2.52
2021-09-17,"Linea de Mtto","Invierno",1,0.97,5.53,0.5,11.8,4.08
2021-09-17,"Mecanica","Invierno",1,0.97,5.53,0.78,9.88,2.03
2021-09-17,"Mecanica CBM","Invierno",1,0.97,5.53,0.4,16,1.2
2021-09-17,"Mecanica VAL","Invierno",1,0.97,5.53,0.58,10.69,2.21
2021-09-17,"Pozoz","Invierno",1,0.97,5.53,1.25,7.25,3
2021-09-20,"Electricidad","Invierno",1,0.97,5.53,0.3,4,0.9
2021-09-20,"Mecanica","Invierno",1,0.97,5.53,0.8,7.5,1.1
2021-09-21,"Mecanica","Invierno",1,0.97,5.53,0.45,6.5,1.05
2021-09-22,"Instrumentos","Invierno",1,0.97,5.53,0.35,6,0.3
2021-09-22,"Mecanica","Invierno",1,0.97,5.53,0.72,10,1.8
2021-09-22,"Mecanica CBM","Invierno",1,0.97,5.53,0.2,8,1
2021-09-22,"Mecanica VAL","Invierno",1,0.97,5.53,0.58,10,2.8
2021-09-22,"Pozoz","Invierno",1,0.97,5.53,0.4,3,0.8
2021-09-23,"Electricidad","Invierno",1,0.97,5.53,2,7,3
2021-09-23,"Mecanica","Invierno",1,0.97,5.53,0.5,7,1.5
2021-09-23,"Pozoz","Invierno",1,0.97,5.53,0.5,8,3.6
2021-09-25,"Electricidad","Invierno",1,0.97,5.53,1,7,2.5
2021-09-26,"Electricidad","Invierno",1,0.97,5.53,0,14,1
2021-09-28,"Electricidad","Invierno",1,0.97,5.53,0.33,7,2.93
2021-09-28,"Mecanica VAL","Invierno",1,0.97,5.53,0.5,7,6
2021-09-29,"Mecanica","Invierno",1,0.97,5.53,0.4,7,1.9
2021-09-30,"Electricidad","Invierno",1,0.97,5.53,0.64,9.06,2.21
2021-10-01,"Mecanica","Verano",1,0.95,4.84,0.79,8.69,1.82
2021-10-01,"Mecanica VAL","Verano",1,0.95,4.84,1,13.67,2.55
2021-10-01,"Pozoz","Verano",1,0.95,4.84,0.83,3.67,1.8
2021-10-03,"Pozoz","Verano",1,0.95,4.84,1.5,10,2.7
2021-10-05,"Instrumentos","Verano",1,0.95,4.84,0.4,3,0.6
2021-10-05,"Linea de Mtto","Verano",1,0.95,4.84,0.3,4,3.4
2021-10-06,"Linea de Mtto","Verano",1,0.95,4.84,0.7,12,1.5
2021-10-07,"Instrumentos","Verano",1,0.95,4.84,0.24,3.91,0.39
2021-10-07,"Linea de Mtto","Verano",1,0.95,4.84,1,12,5.9
2021-10-07,"Mecanica","Verano",1,0.95,4.84,0.63,7.33,1.4
2021-10-07,"Mecanica VAL","Verano",1,0.95,4.84,0.5,11.67,1.97
2021-10-07,"Pozoz","Verano",1,0.95,4.84,0.73,5,1.84
2021-10-08,"Electricidad","Verano",1,0.95,4.84,1.55,14,2.55
2021-10-08,"Mecanica","Verano",1,0.95,4.84,0.5,7,1.5
2021-10-11,"Electricidad","Verano",1,0.95,4.84,0.5,7,1.5
2021-10-12,"Mecanica VAL","Verano",1,0.95,4.84,0.5,14,1.5
2021-10-14,"Electricidad","Verano",1,0.95,4.84,1.27,8.38,2.45
2021-10-14,"Instrumentos","Verano",1,0.95,4.84,0.52,6.56,0.76
2021-10-14,"Mecanica CBM","Verano",1,0.95,4.84,0.61,4.57,1.17
2021-10-14,"Pozoz","Verano",1,0.95,4.84,0.65,4,1.35
2021-10-19,"Instrumentos","Verano",1,0.95,4.84,0,4,0.6
2021-10-19,"Mecanica","Verano",1,0.95,4.84,0.69,10.41,2.21
2021-10-19,"Mecanica CBM","Verano",1,0.95,4.84,0.2,13,1.7
2021-10-19,"Mecanica VAL","Verano",1,0.95,4.84,1.14,13,2.79
2021-10-21,"Electricidad","Verano",1,0.95,4.84,1.3,14,3.5
2021-10-21,"Mecanica","Verano",1,0.95,4.84,0.77,7.5,2.58
2021-10-22,"Linea de Mtto","Verano",1,0.95,4.84,0.5,20,1.5
2021-10-22,"Mecanica","Verano",1,0.95,4.84,1.04,11.18,2.02
2021-10-22,"Mecanica VAL","Verano",1,0.95,4.84,0.95,8.5,1.73
2021-10-25,"Electricidad","Verano",1,0.95,4.84,0.95,9.53,2.2
2021-10-28,"Instrumentos","Verano",1,0.95,4.84,0.32,4.5,1.77
2021-10-29,"Mecanica","Verano",1,0.95,4.84,0.95,10.4,2.4
2021-10-29,"Mecanica VAL","Verano",1,0.95,4.84,1,14,3.2
2021-11-04,"Electricidad","Verano",1,0.97,5.28,0.77,7.33,1.8
2021-11-10,"Instrumentos","Verano",1,0.97,5.28,0.29,5.72,0.46
2021-11-10,"Pozoz","Verano",1,0.97,5.28,0.74,5.47,2.01
2021-11-16,"Electricidad","Verano",1,0.97,5.28,0.68,8.5,1.17
2021-11-16,"Mecanica","Verano",1,0.97,5.28,0.8,6,1.1
2021-11-16,"Mecanica VAL","Verano",1,0.97,5.28,0.5,7,1.5
2021-11-17,"Mecanica","Verano",1,0.97,5.28,0.74,8.92,1.8
2021-11-17,"Mecanica CBM","Verano",1,0.97,5.28,0.1,2,0
2021-11-17,"Mecanica VAL","Verano",1,0.97,5.28,0.58,10.62,2.86
2021-11-17,"Pozoz","Verano",1,0.97,5.28,1,6,2.7
2021-11-19,"Mecanica","Verano",1,0.97,5.28,0.65,8.14,2.11
2021-11-19,"Mecanica VAL","Verano",1,0.97,5.28,0.3,3,0
2021-11-22,"Mecanica VAL","Verano",1,0.97,5.28,1.3,12,4.5
2021-11-23,"Mecanica","Verano",1,0.97,5.28,0.33,7.83,2.3
2021-11-25,"Electricidad","Verano",1,0.97,5.28,0.4,6,0.8
2021-11-26,"Mecanica CBM","Verano",1,0.97,5.28,0.5,3,0
2021-11-29,"Electricidad","Verano",1,0.97,5.28,0.4,4,0.3
2021-11-29,"Mecanica","Verano",1,0.97,5.28,0.65,8.04,1.56
2021-11-29,"Mecanica VAL","Verano",1,0.97,5.28,0.55,11,1.4
2021-12-02,"Instrumentos","Verano",0.99,0.96,4.87,0.4,6.59,0.71
2021-12-02,"Linea de Mtto","Verano",0.99,0.96,4.87,0.3,6,1.63
2021-12-02,"Mecanica","Verano",0.99,0.96,4.87,0.5,7,1.5
2021-12-02,"Mecanica VAL","Verano",0.99,0.96,4.87,0.65,13,1.98
2021-12-02,"Pozoz","Verano",0.99,0.96,4.87,0.98,6.62,2.45
2021-12-03,"Electricidad","Verano",0.99,0.96,4.87,0.9,11.5,2.5
2021-12-03,"Instrumentos","Verano",0.99,0.96,4.87,0,4.5,1.2
2021-12-03,"Pozoz","Verano",0.99,0.96,4.87,0.63,6.15,1.54
2021-12-10,"Mecanica","Verano",0.99,0.96,4.87,0.82,10.15,1.95
2021-12-10,"Mecanica VAL","Verano",0.99,0.96,4.87,1.18,12.25,2.4
2021-12-13,"Electricidad","Verano",0.99,0.96,4.87,0.5,7,1.5
2021-12-14,"Instrumentos","Verano",0.99,0.96,4.87,0.5,10,0.6
2021-12-20,"Mecanica","Verano",0.99,0.96,4.87,0.84,9.38,2.01
2021-12-20,"Mecanica VAL","Verano",0.99,0.96,4.87,0.8,13.25,1.5
2021-12-20,"Pozoz","Verano",0.99,0.96,4.87,1,6,2.7
2021-12-22,"Instrumentos","Verano",0.99,0.96,4.87,0.12,5.25,0.15
2021-12-22,"Mecanica VAL","Verano",0.99,0.96,4.87,0.5,7,1.5
2021-12-23,"Electricidad","Verano",0.99,0.96,4.87,0.68,6.33,2.79
2021-12-27,"Mecanica","Verano",0.99,0.96,4.87,0.52,4.25,1.36
2021-12-27,"Mecanica VAL","Verano",0.99,0.96,4.87,0.89,9.36,1.99
2021-12-29,"Mecanica","Verano",0.99,0.96,4.87,0.5,7,1.5
2021-12-31,"Mecanica","Verano",0.99,0.96,4.87,0.86,8.73,2.03
2021-12-31,"Mecanica CBM","Verano",0.99,0.96,4.87,0.2,8,1
2021-12-31,"Mecanica VAL","Verano",0.99,0.96,4.87,0.5,7,5
2022-01-05,"Mecanica","Verano",1,0.98,5.2,0.9,12.5,3.2
2022-01-06,"Instrumentos","Verano",1,0.98,5.2,0.17,3.38,0.47
2022-01-06,"Pozoz","Verano",1,0.98,5.2,0,6,2.7
2022-01-07,"Electricidad","Verano",1,0.98,5.2,0.46,8.38,2.36
2022-01-07,"Mecanica CBM","Verano",1,0.98,5.2,0.38,2.17,0.08
2022-01-07,"Pozoz","Verano",1,0.98,5.2,0.5,6,1.1
2022-01-12,"Instrumentos","Verano",1,0.98,5.2,0.09,3.25,0.19
2022-01-12,"Linea de Mtto","Verano",1,0.98,5.2,0.25,4,0.75
2022-01-12,"Pozoz","Verano",1,0.98,5.2,0.82,6.65,2.28
2022-01-24,"Electricidad","Verano",1,0.98,5.2,0.62,8.75,1.76
2022-01-24,"Mecanica CBM","Verano",1,0.98,5.2,0.1,4,0.7
2022-01-24,"Pozoz","Verano",1,0.98,5.2,1.01,5.75,2.7
2022-01-25,"Electricidad","Verano",1,0.98,5.2,0.69,10.22,2.06
2022-01-25,"Instrumentos","Verano",1,0.98,5.2,0.2,1.5,0.9
2022-01-28,"Electricidad","Verano",1,0.98,5.2,0.35,4,0.4
2022-01-28,"Instrumentos","Verano",1,0.98,5.2,0.24,5.88,0.45
2022-01-28,"Linea de Mtto","Verano",1,0.98,5.2,0.7,11,1.5
2022-01-28,"Mecanica","Verano",1,0.98,5.2,0.5,7,1.5
2022-01-28,"Mecanica VAL","Verano",1,0.98,5.2,0.95,8,1.55
2022-01-28,"Pozoz","Verano",1,0.98,5.2,0.7,4.77,2.03
2022-01-30,"Instrumentos","Verano",1,0.98,5.2,0,3,0.6
2022-02-01,"Mecanica","Verano",0.97,0.98,5.3,0.5,7,1.5
2022-02-04,"Electricidad","Verano",0.97,0.98,5.3,0.5,13,3
2022-02-04,"Linea de Mtto","Verano",0.97,0.98,5.3,1,12,5.9
2022-02-04,"Mecanica","Verano",0.97,0.98,5.3,0.79,9.45,2.03
2022-02-04,"Mecanica CBM","Verano",0.97,0.98,5.3,0.3,14,1.4
2022-02-04,"Mecanica VAL","Verano",0.97,0.98,5.3,0.55,10.91,2.13
2022-02-04,"Pozoz","Verano",0.97,0.98,5.3,0.85,6.15,2.17
2022-02-07,"Electricidad","Verano",0.97,0.98,5.3,0.73,9.71,2.54
2022-02-11,"Mecanica","Verano",0.97,0.98,5.3,0.5,9,1.8
2022-02-12,"Electricidad","Verano",0.97,0.98,5.3,1.3,7,1.5
2022-02-16,"Mecanica","Verano",0.97,0.98,5.3,0.5,7,1.5
2022-02-17,"Mecanica","Verano",0.97,0.98,5.3,0.68,7.8,1.48
2022-02-21,"Electricidad","Verano",0.97,0.98,5.3,0.71,9.38,2.79
2022-02-21,"Mecanica","Verano",0.97,0.98,5.3,0.84,11.23,2.15
2022-02-21,"Mecanica CBM","Verano",0.97,0.98,5.3,0.93,8,1.93
2022-02-21,"Mecanica VAL","Verano",0.97,0.98,5.3,0.5,7,1.5
2022-02-21,"Pozoz","Verano",0.97,0.98,5.3,1.18,5.67,2.32
2022-02-24,"Mecanica","Verano",0.97,0.98,5.3,0.63,8.43,2.49
2022-02-25,"Electricidad","Verano",0.97,0.98,5.3,0.77,12,2.67
2022-02-25,"Mecanica CBM","Verano",0.97,0.98,5.3,0.14,2.4,0.64
2022-02-28,"Mecanica","Verano",0.97,0.98,5.3,0.68,11.4,1.94
2022-02-28,"Mecanica VAL","Verano",0.97,0.98,5.3,0.73,12,2.46
2022-02-28,"Pozoz","Verano",0.97,0.98,5.3,0.75,5.25,2
2022-03-02,"Mecanica","Verano",1,0.96,4.77,1.06,10.4,2.2
2022-03-02,"Mecanica VAL","Verano",1,0.96,4.77,0.43,8.67,1.73
2022-03-03,"Mecanica","Verano",1,0.96,4.77,1,14,3.2
2022-03-04,"Electricidad","Verano",1,0.96,4.77,0.87,9.5,2.36
2022-03-07,"Pozoz","Verano",1,0.96,4.77,1,4,2.1
2022-03-10,"Mecanica","Verano",1,0.96,4.77,1.9,7,5
2022-03-11,"Mecanica VAL","Verano",1,0.96,4.77,0.3,4,0.3
2022-03-12,"Electricidad","Verano",1,0.96,4.77,0.5,7,1.5
2022-03-13,"Linea de Mtto","Verano",1,0.96,4.77,0.5,11,4.6
2022-03-13,"Mecanica","Verano",1,0.96,4.77,0.77,9.7,2.06
2022-03-13,"Mecanica VAL","Verano",1,0.96,4.77,0.72,9,1.93
2022-03-17,"Electricidad","Verano",1,0.96,4.77,0.58,9.34,1.68
2022-03-17,"Linea de Mtto","Verano",1,0.96,4.77,0.5,11,4
2022-03-17,"Mecanica","Verano",1,0.96,4.77,0.83,10.67,2.67
2022-03-18,"Electricidad","Verano",1,0.96,4.77,0.65,8,1.7
2022-03-21,"Mecanica VAL","Verano",1,0.96,4.77,0.5,7,5.1
2022-03-22,"Mecanica","Verano",1,0.96,4.77,0.5,14,2.5
2022-03-22,"Mecanica VAL","Verano",1,0.96,4.77,0.68,6.4,1.36
2022-03-23,"Instrumentos","Verano",1,0.96,4.77,0.23,10.67,1.9
2022-03-30,"Electricidad","Verano",1,0.96,4.77,1.5,15,1.6
2022-03-31,"Linea de Mtto","Verano",1,0.96,4.77,0.56,10.6,0.96
2022-03-31,"Mecanica","Verano",1,0.96,4.77,1.25,17.85,2.4
2022-04-01,"Mecanica","Verano",1,0.98,4.75,1.04,11.73,3.12
2022-04-01,"Mecanica CBM","Verano",1,0.98,4.75,0.5,6,0.6
2022-04-01,"Mecanica VAL","Verano",1,0.98,4.75,0.99,13.86,3.54
2022-04-02,"Electricidad","Verano",1,0.98,4.75,0.41,7.62,2.2
2022-04-02,"Mecanica CBM","Verano",1,0.98,4.75,0.5,4,0.7
2022-04-13,"Mecanica","Verano",1,0.98,4.75,0.93,9.83,1.2
2022-04-13,"Mecanica VAL","Verano",1,0.98,4.75,1.25,10.5,1.7
2022-04-13,"Pozoz","Verano",1,0.98,4.75,1,12.17,2.8
2022-04-19,"Instrumentos","Verano",1,0.98,4.75,0.35,8.31,0.68
2022-04-19,"Mecanica","Verano",1,0.98,4.75,0.5,7,1.5
2022-04-19,"Pozoz","Verano",1,0.98,4.75,0.67,6.36,1.55
2022-04-20,"Electricidad","Verano",1,0.98,4.75,0.69,8.48,2.25
2022-04-20,"Mecanica","Verano",1,0.98,4.75,0.8,9.2,1.86
2022-04-20,"Mecanica CBM","Verano",1,0.98,4.75,0.3,8.5,3.05
2022-04-20,"Mecanica VAL","Verano",1,0.98,4.75,1,14,3.05
2022-04-25,"Instrumentos","Verano",1,0.98,4.75,0.43,3.33,1.2
2022-04-25,"Linea de Mtto","Verano",1,0.98,4.75,0.2,4,3.4
2022-04-26,"Electricidad","Verano",1,0.98,4.75,0.5,3,1.1
2022-04-28,"Electricidad","Verano",1,0.98,4.75,0,8,3
2022-04-28,"Mecanica","Verano",1,0.98,4.75,0.62,8.92,1.94
2022-04-28,"Mecanica VAL","Verano",1,0.98,4.75,0.8,7,5.4
2022-04-28,"Pozoz","Verano",1,0.98,4.75,0.83,8,1.93
2022-05-11,"Electricidad","Invierno",0.99,0.96,5.07,1,15,2
2022-05-12,"Linea de Mtto","Invierno",0.99,0.96,5.07,0.5,16,1.5
2022-05-13,"Electricidad","Invierno",0.99,0.96,5.07,0.67,8.12,2.85
2022-05-13,"Instrumentos","Invierno",0.99,0.96,5.07,0.41,6.17,0.83
2022-05-13,"Linea de Mtto","Invierno",0.99,0.96,5.07,0.3,4,3.8
2022-05-13,"Mecanica CBM","Invierno",0.99,0.96,5.07,0.8,10,1.45
2022-05-13,"Pozoz","Invierno",0.99,0.96,5.07,1.01,7.19,2.35
2022-05-14,"Mecanica","Invierno",0.99,0.96,5.07,1.04,9.88,2
2022-05-14,"Mecanica VAL","Invierno",0.99,0.96,5.07,0.47,11,1.67
2022-05-15,"Electricidad","Invierno",0.99,0.96,5.07,1,15,1.9
2022-05-16,"Electricidad","Invierno",0.99,0.96,5.07,0.75,9.5,3.3
2022-05-17,"Electricidad","Invierno",0.99,0.96,5.07,0.75,8,1.6
2022-05-19,"Mecanica","Invierno",0.99,0.96,5.07,0.74,10.09,2.51
2022-05-19,"Mecanica VAL","Invierno",0.99,0.96,5.07,0.98,9.33,3.12
2022-05-20,"Electricidad","Invierno",0.99,0.96,5.07,0.5,7,1.5
2022-05-23,"Mecanica","Invierno",0.99,0.96,5.07,0.82,11,1.8
2022-05-24,"Mecanica VAL","Invierno",0.99,0.96,5.07,0.5,7,1.5
2022-05-27,"Pozoz","Invierno",0.99,0.96,5.07,0.8,4,2.2
2022-05-31,"Mecanica","Invierno",0.99,0.96,5.07,0.94,10.58,2.74
2022-05-31,"Mecanica CBM","Invierno",0.99,0.96,5.07,0.5,8,0.7
2022-05-31,"Mecanica VAL","Invierno",0.99,0.96,5.07,0.94,10.5,2.72
2022-05-31,"Pozoz","Invierno",0.99,0.96,5.07,1,7,1.45
2022-06-01,"Electricidad","Invierno",1,0.95,5.52,0.9,6,1.9
2022-06-02,"Electricidad","Invierno",1,0.95,5.52,1,10,1.9
2022-06-03,"Mecanica","Invierno",1,0.95,5.52,0.78,11.25,1.89
2022-06-03,"Mecanica CBM","Invierno",1,0.95,5.52,0.5,12,1.5
2022-06-03,"Mecanica VAL","Invierno",1,0.95,5.52,0.6,9.33,2.67
2022-06-06,"Electricidad","Invierno",1,0.95,5.52,0.47,7.55,1.36
2022-06-06,"Instrumentos","Invierno",1,0.95,5.52,0.32,6.82,0.95
2022-06-06,"Pozoz","Invierno",1,0.95,5.52,0.5,8,1.2
2022-06-14,"Electricidad","Invierno",1,0.95,5.52,0.92,8.58,2.36
2022-06-14,"Mecanica CBM","Invierno",1,0.95,5.52,0.5,7,5.9
2022-06-14,"Pozoz","Invierno",1,0.95,5.52,0.96,6.7,2.56
2022-06-19,"Mecanica","Invierno",1,0.95,5.52,0.92,9.3,1.88
2022-06-19,"Mecanica CBM","Invierno",1,0.95,5.52,0.5,14,1
2022-06-19,"Mecanica VAL","Invierno",1,0.95,5.52,0.6,9.6,2.33
2022-06-19,"Pozoz","Invierno",1,0.95,5.52,0.59,7.14,1.94
2022-06-22,"Pozoz","Invierno",1,0.95,5.52,1,7,2.7
2022-06-28,"Electricidad","Invierno",1,0.95,5.52,0,3,0.6
2022-06-29,"Electricidad","Invierno",1,0.95,5.52,0.54,5.25,1.48
2022-07-05,"Mecanica","Invierno",1,0.96,5.08,0.64,9.12,2.3
2022-07-05,"Mecanica CBM","Invierno",1,0.96,5.08,0.35,7.5,1.05
2022-07-05,"Mecanica VAL","Invierno",1,0.96,5.08,1.02,10,2.34
2022-07-05,"Pozoz","Invierno",1,0.96,5.08,0.5,7,1.5
2022-07-07,"Electricidad","Invierno",1,0.96,5.08,1,10.12,2.56
2022-07-07,"Mecanica","Invierno",1,0.96,5.08,0,9,2.3
2022-07-07,"Mecanica CBM","Invierno",1,0.96,5.08,0.5,3.67,0.5
2022-07-13,"Electricidad","Invierno",1,0.96,5.08,0.59,9.13,1.58
2022-07-18,"Instrumentos","Invierno",1,0.96,5.08,0.26,7.81,1.02
2022-07-18,"Mecanica","Invierno",1,0.96,5.08,0.6,11.04,1.62
2022-07-18,"Mecanica VAL","Invierno",1,0.96,5.08,0.5,7,1.5
2022-07-18,"Pozoz","Invierno",1,0.96,5.08,0.92,8.17,2.59
2022-07-22,"Pozoz","Invierno",1,0.96,5.08,0.91,6.07,2.15
2022-07-24,"Mecanica","Invierno",1,0.96,5.08,0.64,9.73,1.72
2022-07-24,"Mecanica CBM","Invierno",1,0.96,5.08,0,2,0
2022-07-24,"Mecanica VAL","Invierno",1,0.96,5.08,1.05,11.33,2.07
2022-07-24,"Pozoz","Invierno",1,0.96,5.08,1,7,2.7
2022-07-25,"Electricidad","Invierno",1,0.96,5.08,0.73,7.33,2.23
2022-08-02,"Mecanica","Invierno",0.99,0.96,5.31,0.43,6,3.1
2022-08-02,"Mecanica CBM","Invierno",0.99,0.96,5.31,0.3,16,1.4
2022-08-02,"Mecanica VAL","Invierno",0.99,0.96,5.31,1.67,13.33,2.23
2022-08-04,"Electricidad","Invierno",0.99,0.96,5.31,0.91,7.24,1.84
2022-08-04,"Linea de Mtto","Invierno",0.99,0.96,5.31,0.8,6.85,1.55
2022-08-04,"Mecanica CBM","Invierno",0.99,0.96,5.31,0.34,2.75,0.85
2022-08-04,"Pozoz","Invierno",0.99,0.96,5.31,0.74,5.24,2.18
2022-08-05,"Mecanica","Invierno",0.99,0.96,5.31,0.89,11.22,2.46
2022-08-05,"Mecanica VAL","Invierno",0.99,0.96,5.31,1.25,7,1.5
2022-08-05,"Pozoz","Invierno",0.99,0.96,5.31,0.83,8.33,3.6
2022-08-16,"Electricidad","Invierno",0.99,0.96,5.31,0,8,1.6
2022-08-16,"Instrumentos","Invierno",0.99,0.96,5.31,0.45,6.63,0.82
2022-08-16,"Linea de Mtto","Invierno",0.99,0.96,5.31,0.5,13.67,1
2022-08-16,"Pozoz","Invierno",0.99,0.96,5.31,0.88,5.97,2.41
2022-08-22,"Electricidad","Invierno",0.99,0.96,5.31,1,10.2,2.43
2022-08-22,"Instrumentos","Invierno",0.99,0.96,5.31,0.9,12,0.6
2022-08-22,"Linea de Mtto","Invierno",0.99,0.96,5.31,1.5,9.67,1.67
2022-08-22,"Mecanica","Invierno",0.99,0.96,5.31,0.76,8.87,1.71
2022-08-22,"Mecanica VAL","Invierno",0.99,0.96,5.31,1.1,19.25,2.85
2022-08-22,"Pozoz","Invierno",0.99,0.96,5.31,1.17,7,2.57
2022-08-30,"Mecanica","Invierno",0.99,0.96,5.31,0.86,10.35,2.11
2022-08-30,"Pozoz","Invierno",0.99,0.96,5.31,1,14,3.8
2022-08-31,"Instrumentos","Invierno",0.99,0.96,5.31,0.28,6,0.7
2022-08-31,"Mecanica VAL","Invierno",0.99,0.96,5.31,0.5,7,1.5
2022-08-31,"Pozoz","Invierno",0.99,0.96,5.31,1.15,7.92,2.37
2022-09-12,"Instrumentos","Invierno",1,0.93,4.61,0.35,6.44,0.71
2022-09-12,"Linea de Mtto","Invierno",1,0.93,4.61,0.3,3,2
2022-09-12,"Pozoz","Invierno",1,0.93,4.61,1.06,7.36,1.96
2022-09-14,"Electricidad","Invierno",1,0.93,4.61,0.41,7.73,2.76
2022-09-14,"Linea de Mtto","Invierno",1,0.93,4.61,1.8,12,5.4
2022-09-14,"Pozoz","Invierno",1,0.93,4.61,0.9,4.6,1.52
2022-09-18,"Instrumentos","Invierno",1,0.93,4.61,0.5,7,2.1
2022-09-21,"Electricidad","Invierno",1,0.93,4.61,0.4,7.83,1.93
2022-09-21,"Mecanica","Invierno",1,0.93,4.61,0.93,11.29,2.68
2022-09-21,"Mecanica CBM","Invierno",1,0.93,4.61,0.2,3.67,0
2022-09-22,"Instrumentos","Invierno",1,0.93,4.61,0.34,6.81,0.88
2022-09-22,"Linea de Mtto","Invierno",1,0.93,4.61,0.7,5,0
2022-09-22,"Pozoz","Invierno",1,0.93,4.61,0.85,7.31,2.05
2022-09-29,"Instrumentos","Invierno",1,0.93,4.61,0,14,1
2022-09-29,"Mecanica","Invierno",1,0.93,4.61,0.65,9.28,1.78
2022-09-29,"Mecanica VAL","Invierno",1,0.93,4.61,0.66,10.14,2.03
2022-09-29,"Pozoz","Invierno",1,0.93,4.61,0.6,5.2,2.06
2022-09-30,"Electricidad","Invierno",1,0.93,4.61,0.55,10.42,3.29
2022-09-30,"Instrumentos","Invierno",1,0.93,4.61,0,6,0.9
2022-09-30,"Mecanica","Invierno",1,0.93,4.61,0.3,4,2.7
2022-09-30,"Mecanica VAL","Invierno",1,0.93,4.61,0.83,7,2.8
2022-09-30,"Pozoz","Invierno",1,0.93,4.61,0.5,4,1.1
2022-10-01,"Mecanica","Verano",1,0.98,5,0.9,12.19,2.22
2022-10-01,"Mecanica VAL","Verano",1,0.98,5,0.65,11.5,1.85
2022-10-01,"Pozoz","Verano",1,0.98,5,1,10,2.8
2022-10-03,"Electricidad","Verano",1,0.98,5,0.4,4.5,0.7
2022-10-03,"Pozoz","Verano",1,0.98,5,0,5,1.6
2022-10-05,"Instrumentos","Verano",1,0.98,5,0.46,5.8,0.92
2022-10-06,"Instrumentos","Verano",1,0.98,5,0.23,6.33,0.47
2022-10-06,"Pozoz","Verano",1,0.98,5,0.89,7.14,2.67
2022-10-15,"Mecanica","Verano",1,0.98,5,0.57,8.02,1.53
2022-10-15,"Mecanica VAL","Verano",1,0.98,5,0.5,7.71,2.59
2022-10-15,"Pozoz","Verano",1,0.98,5,1,7.5,1.85
2022-10-18,"Electricidad","Verano",1,0.98,5,0.31,6.66,1.77
2022-10-18,"Pozoz","Verano",1,0.98,5,0.85,6.33,2.21
2022-10-21,"Instrumentos","Verano",1,0.98,5,0.7,12,1.8
2022-10-27,"Instrumentos","Verano",1,0.98,5,0.37,6.68,1.12
2022-10-27,"Pozoz","Verano",1,0.98,5,0.84,8.2,2.65
2022-11-03,"Mecanica","Verano",1,0.99,5.23,0.8,9,1.5
2022-11-04,"Mecanica","Verano",1,0.99,5.23,0.74,10.34,1.93
2022-11-04,"Mecanica VAL","Verano",1,0.99,5.23,0.97,14.5,2.03
2022-11-04,"Pozoz","Verano",1,0.99,5.23,1.07,6.67,2.53
2022-11-15,"Electricidad","Verano",1,0.99,5.23,0.58,8.43,2.32
2022-11-15,"Linea de Mtto","Verano",1,0.99,5.23,1.1,14.5,3.35
2022-11-15,"Mecanica CBM","Verano",1,0.99,5.23,0.8,9.75,2.58
2022-11-15,"Pozoz","Verano",1,0.99,5.23,0.96,5.22,2.18
2022-11-16,"Mecanica VAL","Verano",1,0.99,5.23,0.5,7,1.5
2022-11-17,"Electricidad","Verano",1,0.99,5.23,1.6,17.5,4.9
2022-11-21,"Electricidad","Verano",1,0.99,5.23,0.66,8.08,2.47
2022-11-21,"Mecanica CBM","Verano",1,0.99,5.23,0.42,4.4,0.62
2022-11-21,"Pozoz","Verano",1,0.99,5.23,1.07,3.5,1.92
2022-11-23,"Linea de Mtto","Verano",1,0.99,5.23,0.5,13,4.4
2022-11-23,"Mecanica","Verano",1,0.99,5.23,0.8,10.37,1.96
2022-11-23,"Mecanica CBM","Verano",1,0.99,5.23,0.4,3,1
2022-11-23,"Mecanica VAL","Verano",1,0.99,5.23,0.77,10.5,2.13
2022-11-23,"Pozoz","Verano",1,0.99,5.23,0.83,4.67,3.03
2022-11-28,"Electricidad","Verano",1,0.99,5.23,0,4,0
2022-11-28,"Instrumentos","Verano",1,0.99,5.23,0.58,6.11,1.29
2022-11-28,"Linea de Mtto","Verano",1,0.99,5.23,0.7,4,5.9
2022-11-28,"Pozoz","Verano",1,0.99,5.23,0.66,4.54,1.98
2022-12-13,"Linea de Mtto","Verano",0.99,0.96,4.55,1,14.43,3.19
2022-12-13,"Mecanica","Verano",0.99,0.96,4.55,0.79,8.52,2.1
2022-12-13,"Mecanica VAL","Verano",0.99,0.96,4.55,0.62,9.25,2.28
2022-12-13,"Pozoz","Verano",0.99,0.96,4.55,0.57,4,1.8
2022-12-15,"Mecanica","Verano",0.99,0.96,4.55,0.86,8.85,2.32
2022-12-15,"Pozoz","Verano",0.99,0.96,4.55,1,6,2.6
2022-12-20,"Electricidad","Verano",0.99,0.96,4.55,0.46,4.38,0.97
2022-12-20,"Pozoz","Verano",0.99,0.96,4.55,1.11,6.75,2.96
2022-12-26,"Electricidad","Verano",0.99,0.96,4.55,0.7,7,1.2
2022-12-27,"Mecanica","Verano",0.99,0.96,4.55,0.85,11.62,1.85
2022-12-27,"Mecanica VAL","Verano",0.99,0.96,4.55,0.76,7.4,1.12
2022-12-28,"Instrumentos","Verano",0.99,0.96,4.55,0.39,7.82,1.95
2022-12-28,"Linea de Mtto","Verano",0.99,0.96,4.55,1.5,11,4.3
2022-12-28,"Pozoz","Verano",0.99,0.96,4.55,0.84,5.09,2.17
2022-12-29,"Instrumentos","Verano",0.99,0.96,4.55,0.6,7.83,2.6
2023-01-02,"Instrumentos","Verano",0.97,0.93,5.26,0.2,6,1.5
2023-01-02,"Pozoz","Verano",0.97,0.93,5.26,1.05,5,3.65
2023-01-04,"Instrumentos","Verano",0.97,0.93,5.26,0.25,8,1.15
2023-01-04,"Linea de Mtto","Verano",0.97,0.93,5.26,0.3,3,0.78
2023-01-04,"Pozoz","Verano",0.97,0.93,5.26,1.15,5,3.15
2023-01-05,"Electricidad","Verano",0.97,0.93,5.26,0.3,4,0.34
2023-01-05,"Linea de Mtto","Verano",0.97,0.93,5.26,0.9,8.33,1.5
2023-01-05,"Pozoz","Verano",0.97,0.93,5.26,0.55,4.38,2
2023-01-08,"Instrumentos","Verano",0.97,0.93,5.26,0.6,5,2.12
2023-01-08,"Linea de Mtto","Verano",0.97,0.93,5.26,0.63,4.67,1.98
2023-01-08,"Pozoz","Verano",0.97,0.93,5.26,0.55,3.5,3.25
2023-01-10,"Electricidad","Verano",0.97,0.93,5.26,1.5,13.5,2.7
2023-01-16,"Electricidad","Verano",0.97,0.93,5.26,0.75,10.3,1.97
2023-01-16,"Instrumentos","Verano",0.97,0.93,5.26,0.18,5.09,0.95
2023-01-16,"Linea de Mtto","Verano",0.97,0.93,5.26,1.4,11,4.8
2023-01-16,"Mecanica","Verano",0.97,0.93,5.26,0.5,7,5.1
2023-01-16,"Pozoz","Verano",0.97,0.93,5.26,0.74,4.9,2.88
2023-01-20,"Pozoz","Verano",0.97,0.93,5.26,0.77,5.55,2.85
2023-01-23,"Electricidad","Verano",0.97,0.93,5.26,0.5,10,2.8
2023-01-24,"Electricidad","Verano",0.97,0.93,5.26,0,7,0
2023-01-24,"Linea de Mtto","Verano",0.97,0.93,5.26,0.5,11,5
2023-01-24,"Mecanica","Verano",0.97,0.93,5.26,0.75,8.96,1.84
2023-01-24,"Mecanica CBM","Verano",0.97,0.93,5.26,0.2,8,1
2023-01-24,"Mecanica VAL","Verano",0.97,0.93,5.26,0.78,13,2.64
2023-01-24,"Pozoz","Verano",0.97,0.93,5.26,1.39,4.21,2.7
2023-01-25,"Mecanica VAL","Verano",0.97,0.93,5.26,0.5,21,3.2
2023-01-26,"Electricidad","Verano",0.97,0.93,5.26,0.62,8.36,2.28
2023-01-26,"Instrumentos","Verano",0.97,0.93,5.26,0.07,7.33,1.17
2023-01-26,"Linea de Mtto","Verano",0.97,0.93,5.26,1.3,7.5,2.65
2023-01-26,"Mecanica CBM","Verano",0.97,0.93,5.26,0.5,7,1.5
2023-01-26,"Pozoz","Verano",0.97,0.93,5.26,0.75,4.5,3.2
2023-02-01,"Electricidad","Verano",1,0.97,5.1,1.85,7,1.5
2023-02-06,"Electricidad","Verano",1,0.97,5.1,1.07,7.22,1.56
2023-02-06,"Linea de Mtto","Verano",1,0.97,5.1,1,3,5
2023-02-06,"Mecanica CBM","Verano",1,0.97,5.1,0.5,4,0
2023-02-06,"Pozoz","Verano",1,0.97,5.1,1.5,7.5,3.1
2023-02-13,"Electricidad","Verano",1,0.97,5.1,0.67,11.08,1.8
2023-02-13,"Instrumentos","Verano",1,0.97,5.1,0,12,1.9
2023-02-13,"Mecanica","Verano",1,0.97,5.1,0.73,9.08,1.96
2023-02-13,"Mecanica VAL","Verano",1,0.97,5.1,1.03,10.44,2.09
2023-02-13,"Pozoz","Verano",1,0.97,5.1,0.85,5.5,1.7
2023-02-17,"Instrumentos","Verano",1,0.97,5.1,0,3,1.1
2023-02-22,"Electricidad","Verano",1,0.97,5.1,0.82,8.5,2.05
2023-02-22,"Pozoz","Verano",1,0.97,5.1,1.4,4,4.4
2023-02-23,"Mecanica VAL","Verano",1,0.97,5.1,1.25,12.5,1.5
2023-02-27,"Electricidad","Verano",1,0.97,5.1,0.8,9,2.87
2023-02-27,"Linea de Mtto","Verano",1,0.97,5.1,0.5,14.33,1.5
2023-02-27,"Mecanica","Verano",1,0.97,5.1,0.8,10.33,1.74
2023-02-27,"Mecanica VAL","Verano",1,0.97,5.1,0,14,1.1
2023-03-07,"Instrumentos","Verano",1,0.95,5.04,0,8,1.1
2023-03-09,"Electricidad","Verano",1,0.95,5.04,0.69,8.71,2.41
2023-03-09,"Linea de Mtto","Verano",1,0.95,5.04,2,12,5.4
2023-03-09,"Pozoz","Verano",1,0.95,5.04,0.6,4,2.2
2023-03-10,"Instrumentos","Verano",1,0.95,5.04,0.4,6.28,1.6
2023-03-10,"Linea de Mtto","Verano",1,0.95,5.04,0.5,7,1.5
2023-03-10,"Pozoz","Verano",1,0.95,5.04,0.78,5.82,2.41
2023-03-14,"Instrumentos","Verano",1,0.95,5.04,0,2,0.8
2023-03-15,"Mecanica VAL","Verano",1,0.95,5.04,0.5,12,5.1
2023-03-17,"Electricidad","Verano",1,0.95,5.04,0.63,9.22,2
2023-03-17,"Instrumentos","Verano",1,0.95,5.04,0.42,8.14,1.62
2023-03-17,"Linea de Mtto","Verano",1,0.95,5.04,0.8,15.4,2.78
2023-03-17,"Mecanica","Verano",1,0.95,5.04,0.89,8.87,2.02
2023-03-17,"Mecanica CBM","Verano",1,0.95,5.04,0.5,3.67,0.67
2023-03-17,"Mecanica VAL","Verano",1,0.95,5.04,0.38,12.04,1.82
2023-03-17,"Pozoz","Verano",1,0.95,5.04,0.76,4,1.95
2023-03-21,"Electricidad","Verano",1,0.95,5.04,0.88,13,2.32
2023-03-23,"Electricidad","Verano",1,0.95,5.04,0.77,11.67,1.7
2023-03-24,"Electricidad","Verano",1,0.95,5.04,0.55,8.5,1.7
2023-03-25,"Mecanica","Verano",1,0.95,5.04,0.65,3,0.45
2023-03-25,"Mecanica VAL","Verano",1,0.95,5.04,0.5,14,3.5
2023-03-27,"Electricidad","Verano",1,0.95,5.04,1.07,8.5,1.3
2023-03-27,"Instrumentos","Verano",1,0.95,5.04,0.28,4.34,0.85
2023-03-27,"Mecanica CBM","Verano",1,0.95,5.04,0.53,7.43,0.51
2023-03-27,"Pozoz","Verano",1,0.95,5.04,0.92,6.94,2.97
2023-03-28,"Linea de Mtto","Verano",1,0.95,5.04,0.5,17,1.5
2023-03-28,"Mecanica","Verano",1,0.95,5.04,0.73,7.33,1.57
2023-03-28,"Mecanica CBM","Verano",1,0.95,5.04,0.2,3,0
2023-03-28,"Mecanica VAL","Verano",1,0.95,5.04,0.64,9.6,2.96
2023-03-28,"Pozoz","Verano",1,0.95,5.04,0.73,10.67,3.23
2023-04-03,"Instrumentos","Verano",0.99,0.93,5.36,0.5,7,4.5
2023-04-03,"Mecanica","Verano",0.99,0.93,5.36,0.5,12,1.9
2023-04-12,"Instrumentos","Verano",0.99,0.93,5.36,0.37,5.81,1.9
2023-04-12,"Pozoz","Verano",0.99,0.93,5.36,0.88,4.38,1.79
2023-04-13,"Instrumentos","Verano",0.99,0.93,5.36,0.2,6,1.3
2023-04-13,"Linea de Mtto","Verano",0.99,0.93,5.36,0.43,9.67,3.97
2023-04-13,"Mecanica","Verano",0.99,0.93,5.36,0.82,9.12,1.46
2023-04-13,"Mecanica VAL","Verano",0.99,0.93,5.36,0.53,11,2.37
2023-04-14,"Mecanica VAL","Verano",0.99,0.93,5.36,2,14,2
2023-04-14,"Pozoz","Verano",0.99,0.93,5.36,0.97,8,3.83
2023-04-17,"Pozoz","Verano",0.99,0.93,5.36,1.5,8.9,3.3
2023-04-18,"Electricidad","Verano",0.99,0.93,5.36,0.76,9.33,1.79
2023-04-18,"Linea de Mtto","Verano",0.99,0.93,5.36,2,11,1.5
2023-04-18,"Pozoz","Verano",0.99,0.93,5.36,1.46,4,3.6
2023-04-19,"Electricidad","Verano",0.99,0.93,5.36,0.7,8,1.2
2023-04-19,"Mecanica VAL","Verano",0.99,0.93,5.36,2,15,3.1
2023-04-19,"Pozoz","Verano",0.99,0.93,5.36,0.6,6,1.5
2023-04-20,"Mecanica","Verano",0.99,0.93,5.36,0.78,10.46,2.03
2023-04-20,"Mecanica CBM","Verano",0.99,0.93,5.36,0,2,0
2023-04-20,"Pozoz","Verano",0.99,0.93,5.36,1.03,6.33,1.67
2023-04-21,"Electricidad","Verano",0.99,0.93,5.36,1,19,4
2023-04-27,"Electricidad","Verano",0.99,0.93,5.36,1.01,10.14,2.16
2023-04-27,"Instrumentos","Verano",0.99,0.93,5.36,0.39,6.65,1.51
2023-04-27,"Linea de Mtto","Verano",0.99,0.93,5.36,2,14,1.5
2023-04-27,"Mecanica CBM","Verano",0.99,0.93,5.36,1.5,16,2.7
2023-04-27,"Pozoz","Verano",0.99,0.93,5.36,1.09,5.17,2.94
2023-04-28,"Linea de Mtto","Verano",0.99,0.93,5.36,0.5,11,4.8
2023-04-28,"Mecanica","Verano",0.99,0.93,5.36,0.9,11,1.72
2023-04-28,"Pozoz","Verano",0.99,0.93,5.36,1,6,4.2
2023-05-03,"Instrumentos","Invierno",0.98,0.94,5.22,0,16,1.2
2023-05-04,"Mecanica VAL","Invierno",0.98,0.94,5.22,1.9,7,5.1
2023-05-06,"Mecanica","Invierno",0.98,0.94,5.22,0.97,12.93,2.23
2023-05-06,"Mecanica VAL","Invierno",0.98,0.94,5.22,1.05,17.5,2.97
2023-05-06,"Pozoz","Invierno",0.98,0.94,5.22,0.5,6,4.9
2023-05-11,"Electricidad","Invierno",0.98,0.94,5.22,0.77,7,2.48
2023-05-12,"Electricidad","Invierno",0.98,0.94,5.22,0.32,8.88,2.5
2023-05-12,"Linea de Mtto","Invierno",0.98,0.94,5.22,1,6,2.5
2023-05-12,"Mecanica CBM","Invierno",0.98,0.94,5.22,0.4,7,2.15
2023-05-12,"Pozoz","Invierno",0.98,0.94,5.22,0.7,5.33,3.23
2023-05-15,"Linea de Mtto","Invierno",0.98,0.94,5.22,2,11,6
2023-05-15,"Mecanica","Invierno",0.98,0.94,5.22,0.8,8.31,2.7
2023-05-15,"Mecanica VAL","Invierno",0.98,0.94,5.22,0.67,4.67,0.8
2023-05-15,"Pozoz","Invierno",0.98,0.94,5.22,1.3,6,2.3
2023-05-16,"Mecanica","Invierno",0.98,0.94,5.22,1.2,7,2.1
2023-05-17,"Instrumentos","Invierno",0.98,0.94,5.22,0.28,6.78,1.26
2023-05-17,"Pozoz","Invierno",0.98,0.94,5.22,0.79,5.92,2.93
2023-05-18,"Instrumentos","Invierno",0.98,0.94,5.22,0.29,7.62,1.36
2023-05-18,"Linea de Mtto","Invierno",0.98,0.94,5.22,1.3,14,4.5
2023-05-18,"Mecanica VAL","Invierno",0.98,0.94,5.22,1.3,7,1.5
2023-05-18,"Pozoz","Invierno",0.98,0.94,5.22,1.05,4,1.5
2023-05-23,"Electricidad","Invierno",0.98,0.94,5.22,0.66,10.05,1.5
2023-05-23,"Linea de Mtto","Invierno",0.98,0.94,5.22,0.5,6,2.5
2023-05-23,"Mecanica","Invierno",0.98,0.94,5.22,0.79,10.57,2.69
2023-05-23,"Mecanica CBM","Invierno",0.98,0.94,5.22,0.3,5,1.12
2023-05-23,"Mecanica VAL","Invierno",0.98,0.94,5.22,1.25,7,1.7
2023-05-23,"Pozoz","Invierno",0.98,0.94,5.22,0.67,4,1.97
2023-05-25,"Instrumentos","Invierno",0.98,0.94,5.22,1.1,7,5
2023-05-26,"Electricidad","Invierno",0.98,0.94,5.22,0.5,7,1.5
2023-05-26,"Mecanica","Invierno",0.98,0.94,5.22,0.2,3,0.4
2023-05-29,"Electricidad","Invierno",0.98,0.94,5.22,1.3,14,3.4
2023-05-29,"Instrumentos","Invierno",0.98,0.94,5.22,1,2,0.8
2023-05-29,"Mecanica","Invierno",0.98,0.94,5.22,1.17,12.33,2.2
2023-05-29,"Mecanica VAL","Invierno",0.98,0.94,5.22,0.5,7,1.5
2023-05-29,"Pozoz","Invierno",0.98,0.94,5.22,1.3,2.5,3.3
2023-06-01,"Instrumentos","Invierno",0.99,0.96,4.8,0.32,6.41,1.72
2023-06-01,"Linea de Mtto","Invierno",0.99,0.96,4.8,1.1,11.2,3.28
2023-06-01,"Mecanica","Invierno",0.99,0.96,4.8,0.6,8.36,1.94
2023-06-01,"Mecanica CBM","Invierno",0.99,0.96,4.8,0.35,6,0.9
2023-06-01,"Mecanica VAL","Invierno",0.99,0.96,4.8,0.48,8.6,1.38
2023-06-01,"Pozoz","Invierno",0.99,0.96,4.8,0.65,8,1.8
2023-06-09,"Instrumentos","Invierno",0.99,0.96,4.8,1,8,0.9
2023-06-10,"Instrumentos","Invierno",0.99,0.96,4.8,0.5,7,4.5
2023-06-14,"Electricidad","Invierno",0.99,0.96,4.8,0.85,10.26,2.01
2023-06-14,"Instrumentos","Invierno",0.99,0.96,4.8,0.41,5.67,1.06
2023-06-14,"Linea de Mtto","Invierno",0.99,0.96,4.8,0.53,13.33,1.2
2023-06-14,"Mecanica","Invierno",0.99,0.96,4.8,0.91,10.38,1.73
2023-06-14,"Mecanica CBM","Invierno",0.99,0.96,4.8,0.23,5.67,2.2
2023-06-14,"Mecanica VAL","Invierno",0.99,0.96,4.8,0.79,9.17,2.35
2023-06-14,"Pozoz","Invierno",0.99,0.96,4.8,0.68,4.75,2.38
2023-06-20,"Mecanica","Invierno",0.99,0.96,4.8,1.5,14,2.6
2023-06-22,"Linea de Mtto","Invierno",0.99,0.96,4.8,0.5,7,1.5
2023-06-22,"Mecanica","Invierno",0.99,0.96,4.8,0.69,10.05,2.71
2023-06-22,"Mecanica CBM","Invierno",0.99,0.96,4.8,0.1,5,1
2023-06-22,"Mecanica VAL","Invierno",0.99,0.96,4.8,0.8,9.89,2.46
2023-06-22,"Pozoz","Invierno",0.99,0.96,4.8,0.55,4,3
2023-06-23,"Electricidad","Invierno",0.99,0.96,4.8,0.68,9.38,2.1
2023-06-23,"Linea de Mtto","Invierno",0.99,0.96,4.8,1,6,2.7
2023-06-23,"Mecanica CBM","Invierno",0.99,0.96,4.8,2,7,3.4
2023-06-23,"Pozoz","Invierno",0.99,0.96,4.8,0.98,6,3.3
2023-06-27,"Instrumentos","Invierno",0.99,0.96,4.8,0.27,5.53,1.05
2023-06-27,"Mecanica","Invierno",0.99,0.96,4.8,0.5,7,1.5
2023-06-27,"Mecanica VAL","Invierno",0.99,0.96,4.8,0.5,7,1.5
2023-06-27,"Pozoz","Invierno",0.99,0.96,4.8,0.76,7.8,3.54
2023-06-29,"Electricidad","Invierno",0.99,0.96,4.8,0.65,7.88,1.56
2023-06-29,"Instrumentos","Invierno",0.99,0.96,4.8,0.56,8.89,1.42
2023-06-29,"Linea de Mtto","Invierno",0.99,0.96,4.8,1.1,14.5,1.9
2023-06-29,"Mecanica","Invierno",0.99,0.96,4.8,0.66,9.71,2.39
2023-06-29,"Mecanica CBM","Invierno",0.99,0.96,4.8,0.2,5,1.4
2023-06-29,"Mecanica VAL","Invierno",0.99,0.96,4.8,0.5,9.5,2.35
2023-06-29,"Pozoz","Invierno",0.99,0.96,4.8,0.62,5.29,2.38
2023-06-30,"Mecanica VAL","Invierno",0.99,0.96,4.8,0.85,7,2.15
2023-07-07,"Electricidad","Invierno",1,0.96,4.64,0.51,9.92,2.77
2023-07-07,"Linea de Mtto","Invierno",1,0.96,4.64,0,5.5,4.1
2023-07-07,"Pozoz","Invierno",1,0.96,4.64,0.5,10,5.4
2023-07-10,"Instrumentos","Invierno",1,0.96,4.64,0,3,0
2023-07-13,"Electricidad","Invierno",1,0.96,4.64,0.85,7,3.25
2023-07-13,"Instrumentos","Invierno",1,0.96,4.64,0.5,7,1.5
2023-07-13,"Linea de Mtto","Invierno",1,0.96,4.64,1.8,10,1.5
2023-07-13,"Mecanica","Invierno",1,0.96,4.64,0.5,7,2.7
2023-07-18,"Instrumentos","Invierno",1,0.96,4.64,0.2,8.6,0.84
2023-07-18,"Linea de Mtto","Invierno",1,0.96,4.64,1.7,12.5,3.5
2023-07-18,"Mecanica","Invierno",1,0.96,4.64,0.85,9.4,2.05
2023-07-18,"Mecanica CBM","Invierno",1,0.96,4.64,0.7,5,1
2023-07-18,"Mecanica VAL","Invierno",1,0.96,4.64,1.09,8.33,2.5
2023-07-18,"Pozoz","Invierno",1,0.96,4.64,1.66,4,3
2023-07-19,"Instrumentos","Invierno",1,0.96,4.64,0.14,4.62,0.52
2023-07-19,"Pozoz","Invierno",1,0.96,4.64,0.5,10,4.5
2023-07-26,"Electricidad","Invierno",1,0.96,4.64,0.75,9.18,2.15
2023-07-26,"Instrumentos","Invierno",1,0.96,4.64,0.41,6.67,1.27
2023-07-26,"Linea de Mtto","Invierno",1,0.96,4.64,1,4,2.02
2023-07-26,"Mecanica CBM","Invierno",1,0.96,4.64,0.65,6.5,1.15
2023-07-26,"Pozoz","Invierno",1,0.96,4.64,0.8,4,2.5
2023-07-27,"Electricidad","Invierno",1,0.96,4.64,0.97,11,2.43
2023-07-27,"Mecanica","Invierno",1,0.96,4.64,0.86,9.75,2.12
2023-07-27,"Mecanica CBM","Invierno",1,0.96,4.64,0.2,4,0
2023-07-27,"Mecanica VAL","Invierno",1,0.96,4.64,0.47,13.5,2.38
2023-07-27,"Pozoz","Invierno",1,0.96,4.64,1.5,6.5,3.1
2023-08-01,"Mecanica","Invierno",0.99,0.95,4.88,0.5,7,5.4
2023-08-10,"Electricidad","Invierno",0.99,0.95,4.88,0.76,8.57,2.15
2023-08-10,"Mecanica CBM","Invierno",0.99,0.95,4.88,1.22,5.6,1.38
2023-08-10,"Pozoz","Invierno",0.99,0.95,4.88,1.17,5.67,2.5
2023-08-15,"Linea de Mtto","Invierno",0.99,0.95,4.88,0.5,16,1.5
2023-08-15,"Mecanica","Invierno",0.99,0.95,4.88,0.48,10.32,1.5
2023-08-15,"Mecanica VAL","Invierno",0.99,0.95,4.88,0.68,11.25,1.57
2023-08-15,"Pozoz","Invierno",0.99,0.95,4.88,0.75,9,2.95
2023-08-16,"Mecanica","Invierno",0.99,0.95,4.88,0.69,9.67,2.07
2023-08-17,"Electricidad","Invierno",0.99,0.95,4.88,0.66,11.89,2.51
2023-08-17,"Linea de Mtto","Invierno",0.99,0.95,4.88,0.73,9.5,0.9
2023-08-17,"Mecanica CBM","Invierno",0.99,0.95,4.88,0.33,4,1.47
2023-08-17,"Pozoz","Invierno",0.99,0.95,4.88,1.25,4,2.2
2023-08-18,"Instrumentos","Invierno",0.99,0.95,4.88,0.37,6.29,1.2
2023-08-18,"Linea de Mtto","Invierno",0.99,0.95,4.88,2,11,5.9
2023-08-18,"Mecanica","Invierno",0.99,0.95,4.88,1.02,11.25,1.78
2023-08-18,"Mecanica CBM","Invierno",0.99,0.95,4.88,0.1,4,1
2023-08-18,"Mecanica VAL","Invierno",0.99,0.95,4.88,0.8,10.2,1.98
2023-08-18,"Pozoz","Invierno",0.99,0.95,4.88,1.25,6.38,3.23
2023-08-19,"Mecanica","Invierno",0.99,0.95,4.88,0.5,14,2
2023-08-25,"Electricidad","Invierno",0.99,0.95,4.88,0.92,13.38,2.44
2023-08-25,"Linea de Mtto","Invierno",0.99,0.95,4.88,0.5,16,1.5
2023-08-25,"Mecanica","Invierno",0.99,0.95,4.88,0.7,9.28,1.83
2023-08-25,"Mecanica CBM","Invierno",0.99,0.95,4.88,0.65,4,0.45
2023-08-25,"Mecanica VAL","Invierno",0.99,0.95,4.88,1,7,4.2
2023-08-30,"Instrumentos","Invierno",0.99,0.95,4.88,0.39,7.15,1.36
2023-08-30,"Pozoz","Invierno",0.99,0.95,4.88,1.3,5.33,2.13
2023-08-31,"Electricidad","Invierno",0.99,0.95,4.88,1.29,8.5,1.46
2023-08-31,"Linea de Mtto","Invierno",0.99,0.95,4.88,0.5,3,1.35
2023-09-01,"Mecanica","Invierno",0.98,0.97,5.31,0.77,8.67,1.98
2023-09-01,"Mecanica CBM","Invierno",0.98,0.97,5.31,0.2,2,0.6
2023-09-01,"Mecanica VAL","Invierno",0.98,0.97,5.31,1,14,2
2023-09-01,"Pozoz","Invierno",0.98,0.97,5.31,1,4,1.4
2023-09-07,"Electricidad","Invierno",0.98,0.97,5.31,0.76,12.89,2.16
2023-09-07,"Linea de Mtto","Invierno",0.98,0.97,5.31,1,5.75,2.85
2023-09-07,"Mecanica VAL","Invierno",0.98,0.97,5.31,0.5,7,1.5
2023-09-08,"Pozoz","Invierno",0.98,0.97,5.31,0.5,10,1.5
2023-09-09,"Instrumentos","Invierno",0.98,0.97,5.31,0.4,7.35,1.69
2023-09-09,"Linea de Mtto","Invierno",0.98,0.97,5.31,0.9,7.17,1.67
2023-09-09,"Pozoz","Invierno",0.98,0.97,5.31,1.36,8.29,2.81
2023-09-11,"Mecanica","Invierno",0.98,0.97,5.31,0.65,8.18,1.51
2023-09-11,"Mecanica VAL","Invierno",0.98,0.97,5.31,0.85,8,2.2
2023-09-11,"Pozoz","Invierno",0.98,0.97,5.31,1.6,6,1.8
2023-09-13,"Instrumentos","Invierno",0.98,0.97,5.31,0.3,1,0
2023-09-13,"Mecanica VAL","Invierno",0.98,0.97,5.31,0.5,7,5.1
2023-09-20,"Linea de Mtto","Invierno",0.98,0.97,5.31,0.5,7,1.5
2023-09-20,"Mecanica","Invierno",0.98,0.97,5.31,0.7,7.18,1.72
2023-09-20,"Mecanica VAL","Invierno",0.98,0.97,5.31,1.08,14.17,2.02
2023-09-20,"Pozoz","Invierno",0.98,0.97,5.31,1.5,11,3.9
2023-09-21,"Electricidad","Invierno",0.98,0.97,5.31,0.82,11.4,2.64
2023-09-21,"Mecanica CBM","Invierno",0.98,0.97,5.31,0.7,8,2.65
2023-09-21,"Pozoz","Invierno",0.98,0.97,5.31,0.6,2,0.7
2023-09-22,"Linea de Mtto","Invierno",0.98,0.97,5.31,0.5,9,3.25
2023-09-22,"Mecanica","Invierno",0.98,0.97,5.31,0.84,10,1.53
2023-09-22,"Mecanica CBM","Invierno",0.98,0.97,5.31,0.2,4,0
2023-09-22,"Mecanica VAL","Invierno",0.98,0.97,5.31,0.16,9,0.82
2023-09-25,"Instrumentos","Invierno",0.98,0.97,5.31,0.76,8.05,1.82
2023-09-25,"Pozoz","Invierno",0.98,0.97,5.31,0.89,4.75,1.98
2023-09-28,"Electricidad","Invierno",0.98,0.97,5.31,0.6,10.25,2.25
2023-09-28,"Instrumentos","Invierno",0.98,0.97,5.31,0.1,3.33,0.7
2023-09-28,"Mecanica CBM","Invierno",0.98,0.97,5.31,1.07,4.75,0.55
2023-10-02,"Electricidad","Verano",0.99,0.94,3.95,1.44,16,3.26
2023-10-02,"Linea de Mtto","Verano",0.99,0.94,3.95,1.3,5.5,2.7
2023-10-02,"Mecanica CBM","Verano",0.99,0.94,3.95,1.3,16,2.7
2023-10-05,"Mecanica VAL","Verano",0.99,0.94,3.95,0.2,11,0.9
2023-10-09,"Linea de Mtto","Verano",0.99,0.94,3.95,0.5,7,1.5
2023-10-09,"Mecanica","Verano",0.99,0.94,3.95,0.69,9.8,2.05
2023-10-09,"Mecanica CBM","Verano",0.99,0.94,3.95,0.3,4,0.7
2023-10-09,"Mecanica VAL","Verano",0.99,0.94,3.95,0.35,12.9,2.53
2023-10-11,"Instrumentos","Verano",0.99,0.94,3.95,0,9,1.45
2023-10-13,"Instrumentos","Verano",0.99,0.94,3.95,0.44,6.58,1.32
2023-10-13,"Linea de Mtto","Verano",0.99,0.94,3.95,0.7,2,2
2023-10-17,"Instrumentos","Verano",0.99,0.94,3.95,0.5,19,3.6
2023-10-19,"Electricidad","Verano",0.99,0.94,3.95,0.89,11.09,2.66
2023-10-19,"Mecanica CBM","Verano",0.99,0.94,3.95,0.95,8.38,1.38
2023-10-20,"Linea de Mtto","Verano",0.99,0.94,3.95,0.5,7,1.5
2023-10-20,"Mecanica","Verano",0.99,0.94,3.95,0.63,7.69,1.88
2023-10-20,"Mecanica CBM","Verano",0.99,0.94,3.95,0.27,2.67,0.33
2023-10-20,"Mecanica VAL","Verano",0.99,0.94,3.95,0.57,11.55,2.75
2023-10-23,"Instrumentos","Verano",0.99,0.94,3.95,1.5,7,3.6
2023-10-24,"Mecanica","Verano",0.99,0.94,3.95,0.93,8.67,2.1
2023-10-30,"Instrumentos","Verano",0.99,0.94,3.95,0.3,11,1.25
2023-10-31,"Electricidad","Verano",0.99,0.94,3.95,0.75,9.25,3.4
2023-10-31,"Pozoz","Verano",0.99,0.94,3.95,1,3,2
2023-11-01,"Mecanica VAL","Verano",0.96,0.99,4.06,1.15,10,1.85
2023-11-02,"Electricidad","Verano",0.96,0.99,4.06,0.5,7,3.5
2023-11-04,"Pozoz","Verano",0.96,0.99,4.06,0.3,2,0.7
2023-11-07,"Electricidad","Verano",0.96,0.99,4.06,0.8,10.22,2.74
2023-11-07,"Instrumentos","Verano",0.96,0.99,4.06,0.5,7.5,2.95
2023-11-09,"Electricidad","Verano",0.96,0.99,4.06,0,2,0.8
2023-11-10,"Instrumentos","Verano",0.96,0.99,4.06,0.61,9.83,2.12
2023-11-10,"Mecanica","Verano",0.96,0.99,4.06,0.3,6,1.6
2023-11-10,"Pozoz","Verano",0.96,0.99,4.06,0.56,6.81,3
2023-11-12,"Mecanica","Verano",0.96,0.99,4.06,0.88,10.05,2.18
2023-11-12,"Mecanica VAL","Verano",0.96,0.99,4.06,0.62,9.5,1.95
2023-11-12,"Pozoz","Verano",0.96,0.99,4.06,0.9,8.71,2.89
2023-11-13,"Pozoz","Verano",0.96,0.99,4.06,0,4,2.5
2023-11-14,"Instrumentos","Verano",0.96,0.99,4.06,0.8,15,3.45
2023-11-14,"Pozoz","Verano",0.96,0.99,4.06,0.58,3.2,1.88
2023-11-17,"Electricidad","Verano",0.96,0.99,4.06,1.5,12,0.9
2023-11-17,"Instrumentos","Verano",0.96,0.99,4.06,0.44,10,1.78
2023-11-20,"Electricidad","Verano",0.96,0.99,4.06,0.5,7,1.5
2023-11-20,"Instrumentos","Verano",0.96,0.99,4.06,0.2,3,1
2023-11-21,"Electricidad","Verano",0.96,0.99,4.06,0.79,8.18,2.63
2023-11-21,"Linea de Mtto","Verano",0.96,0.99,4.06,0.9,5.5,3.3
2023-11-21,"Mecanica","Verano",0.96,0.99,4.06,0.5,7,1.5
2023-11-23,"Electricidad","Verano",0.96,0.99,4.06,1.3,14,1.4
2023-11-24,"Mecanica","Verano",0.96,0.99,4.06,0.3,9,1.2
2023-11-26,"Instrumentos","Verano",0.96,0.99,4.06,0.5,10,1.8
2023-11-27,"Electricidad","Verano",0.96,0.99,4.06,0.5,7,1.5
2023-12-01,"Instrumentos","Verano",0.98,0.99,4.47,0.33,5.92,1.18
2023-12-01,"Pozoz","Verano",0.98,0.99,4.47,1.23,6.44,2.91
2023-12-04,"Electricidad","Verano",0.98,0.99,4.47,0.5,7,1.5
2023-12-05,"Linea de Mtto","Verano",0.98,0.99,4.47,0.5,14.5,1.5
2023-12-05,"Mecanica","Verano",0.98,0.99,4.47,0.81,10,2.01
2023-12-05,"Mecanica CBM","Verano",0.98,0.99,4.47,0.15,2,0.5
2023-12-05,"Mecanica VAL","Verano",0.98,0.99,4.47,1,14.67,3.27
2023-12-05,"Pozoz","Verano",0.98,0.99,4.47,1,4,1.1
2023-12-13,"Linea de Mtto","Verano",0.98,0.99,4.47,1,6,2.4
2023-12-13,"Pozoz","Verano",0.98,0.99,4.47,0,8,0
2023-12-14,"Instrumentos","Verano",0.98,0.99,4.47,0.3,4,1.2
2023-12-15,"Electricidad","Verano",0.98,0.99,4.47,0.5,7.5,1.5
2023-12-15,"Linea de Mtto","Verano",0.98,0.99,4.47,0.5,18.67,1.5
2023-12-15,"Mecanica","Verano",0.98,0.99,4.47,0.6,7.67,1.81
2023-12-15,"Mecanica VAL","Verano",0.98,0.99,4.47,0.75,11,2.04
2023-12-15,"Pozoz","Verano",0.98,0.99,4.47,0.33,6.33,2
2023-12-16,"Instrumentos","Verano",0.98,0.99,4.47,0.5,7,1.5
2023-12-17,"Instrumentos","Verano",0.98,0.99,4.47,0,4,1.5
2023-12-18,"Instrumentos","Verano",0.98,0.99,4.47,0.2,8,1.4
2023-12-20,"Electricidad","Verano",0.98,0.99,4.47,1.27,9,1.78
2023-12-20,"Mecanica CBM","Verano",0.98,0.99,4.47,0.5,10,3.1
2023-12-20,"Mecanica VAL","Verano",0.98,0.99,4.47,2,14,2
2023-12-20,"Pozoz","Verano",0.98,0.99,4.47,0,2,0
2023-12-21,"Electricidad","Verano",0.98,0.99,4.47,1.3,7,4.2
2023-12-21,"Instrumentos","Verano",0.98,0.99,4.47,0,7,1
2023-12-22,"Electricidad","Verano",0.98,0.99,4.47,0.5,7,3.8
2023-12-23,"Mecanica","Verano",0.98,0.99,4.47,0.5,12,1.5
2023-12-25,"Electricidad","Verano",0.98,0.99,4.47,1.9,7,4.3
2023-12-25,"Instrumentos","Verano",0.98,0.99,4.47,0.25,7,1.9
2023-12-26,"Electricidad","Verano",0.98,0.99,4.47,0.75,9,2.25
2023-12-26,"Linea de Mtto","Verano",0.98,0.99,4.47,0.25,12.5,0.75
2023-12-26,"Mecanica","Verano",0.98,0.99,4.47,0.69,7.86,2.01
2023-12-26,"Mecanica CBM","Verano",0.98,0.99,4.47,0.35,3.5,0.5
2023-12-26,"Mecanica VAL","Verano",0.98,0.99,4.47,0.67,10.87,1.98
2023-12-27,"Instrumentos","Verano",0.98,0.99,4.47,0,3.17,0.47
2023-12-27,"Mecanica CBM","Verano",0.98,0.99,4.47,0.5,8,1.9
2023-12-27,"Pozoz","Verano",0.98,0.99,4.47,1,4,1.8
2023-12-28,"Mecanica VAL","Verano",0.98,0.99,4.47,0,11,0.6
2023-12-29,"Instrumentos","Verano",0.98,0.99,4.47,0,6,2.3
2023-12-30,"Instrumentos","Verano",0.98,0.99,4.47,0.2,6,0.8
2023-12-30,"Pozoz","Verano",0.98,0.99,4.47,0,8,5
2023-12-31,"Pozoz","Verano",0.98,0.99,4.47,0,10,5
