"semana","Disciplina","Epoca del a√±o","Cumplimiento_Estrategia","Cumplimiento_Programa","Ready_Backlog","HH_Actv_Gnerales","HH_En_la_Maquina","Otras_HH"
"2019-1","Instrumentos","Verano",0.98,0.95,5.16,0.37,3.27,0.67
"2019-10","Pozoz","Verano",0.99,0.92,4.67,0.3,1.8,1.9
"2019-11","Instrumentos","Verano",0.99,0.92,4.67,0.2,0.5,0
"2019-12","Instrumentos","Verano",0.99,0.92,4.67,1.05,8,1.55
"2019-12","Mecanica","Verano",0.99,0.92,4.67,0.7,9,1.3
"2019-12","Pozoz","Verano",0.99,0.92,4.67,0.6,3.3,2.2
"2019-15","Instrumentos","Verano",0.99,0.94,5.65,0.05,6.1,0.5
"2019-16","Instrumentos","Verano",0.99,0.94,5.65,0.57,8.33,1.93
"2019-17","Instrumentos","Verano",0.99,0.94,5.65,0.5,6.5,0.9
"2019-17","Pozoz","Verano",0.99,0.94,5.65,0.5,16,1.5
"2019-18","Instrumentos","Invierno",0.99,0.94,5.96,0.5,10.7,1.5
"2019-18","Mecanica VAL","Invierno",0.99,0.94,5.96,1.5,14,2.5
"2019-19","Electricidad","Invierno",0.99,0.94,5.96,0.1,2,0.35
"2019-19","Pozoz","Invierno",0.99,0.94,5.96,0.5,16,1.5
"2019-2","Electricidad","Verano",0.98,0.95,5.16,0.9,8.8,1.55
"2019-2","Instrumentos","Verano",0.98,0.95,5.16,0.57,6.68,1.57
"2019-2","Mecanica","Verano",0.98,0.95,5.16,0.5,6,1.05
"2019-2","Pozoz","Verano",0.98,0.95,5.16,0.69,4.52,2.5
"2019-20","Instrumentos","Invierno",0.99,0.94,5.96,0.23,6,0.87
"2019-20","Pozoz","Invierno",0.99,0.94,5.96,0.5,7,1.5
"2019-21","Instrumentos","Invierno",0.99,0.94,5.96,0.25,4.15,2.05
"2019-21","Mecanica VAL","Invierno",0.99,0.94,5.96,1.5,14,2.6
"2019-21","Pozoz","Invierno",0.99,0.94,5.96,0.85,5,3.65
"2019-23","Instrumentos","Invierno",0.99,0.94,5.78,1,4.3,3.8
"2019-23","Mecanica","Invierno",0.99,0.94,5.78,0.5,7,1.5
"2019-23","Mecanica VAL","Invierno",0.99,0.94,5.78,0.42,10.6,1.56
"2019-24","Instrumentos","Invierno",0.99,0.94,5.78,0.54,6.41,1.14
"2019-24","Linea de Mtto","Invierno",0.99,0.94,5.78,0.83,11.07,3.1
"2019-24","Mecanica","Invierno",0.99,0.94,5.78,0.83,9.67,1
"2019-24","Pozoz","Invierno",0.99,0.94,5.78,0.8,6.58,3.35
"2019-25","Electricidad","Invierno",0.99,0.94,5.78,0.85,11.15,2.9
"2019-25","Pozoz","Invierno",0.99,0.94,5.78,1,6,2.2
"2019-26","Instrumentos","Invierno",0.99,0.94,5.78,0.46,5.68,1.44
"2019-26","Pozoz","Invierno",0.99,0.94,5.78,0.93,6.98,2.75
"2019-27","Instrumentos","Invierno",0.99,0.95,5.75,1,12,2.1
"2019-28","Instrumentos","Invierno",0.99,0.95,5.75,2,7,1.5
"2019-28","Mecanica","Invierno",0.99,0.95,5.75,0.8,4,0.9
"2019-3","Electricidad","Verano",0.98,0.95,5.16,0.8,12.25,3.3
"2019-3","Instrumentos","Verano",0.98,0.95,5.16,0.52,4.08,0.7
"2019-3","Mecanica CBM","Verano",0.98,0.95,5.16,0.5,8,0.6
"2019-3","Pozoz","Verano",0.98,0.95,5.16,0.4,1,1.6
"2019-30","Pozoz","Invierno",0.99,0.95,5.75,0.75,3.67,2.47
"2019-31","Instrumentos","Invierno",0.99,0.95,5.75,0.39,5.53,0.94
"2019-31","Linea de Mtto","Invierno",0.99,0.95,5.75,0.5,5.67,3.83
"2019-31","Pozoz","Invierno",0.99,0.95,5.75,0.83,4.38,3.07
"2019-32","Instrumentos","Invierno",0.99,0.91,5.17,0.3,2,0
"2019-32","Pozoz","Invierno",0.99,0.91,5.17,1.4,12.4,4.6
"2019-33","Instrumentos","Invierno",0.99,0.91,5.17,0.39,6.31,1.01
"2019-33","Linea de Mtto","Invierno",0.99,0.91,5.17,0.65,8,0.75
"2019-33","Pozoz","Invierno",0.99,0.91,5.17,0.98,9.5,3.15
"2019-35","Instrumentos","Invierno",0.99,0.91,5.17,0.8,9,1.5
"2019-36","Electricidad","Invierno",0.99,0.94,5.88,0.5,7,1.5
"2019-36","Instrumentos","Invierno",0.99,0.94,5.88,0.32,4.88,0.9
"2019-37","Instrumentos","Invierno",0.99,0.94,5.88,0.45,7.26,1.23
"2019-37","Linea de Mtto","Invierno",0.99,0.94,5.88,1.05,13.5,1.5
"2019-37","Pozoz","Invierno",0.99,0.94,5.88,0.68,5.9,2.76
"2019-39","Instrumentos","Invierno",0.99,0.94,5.88,0.38,5.5,0.88
"2019-39","Linea de Mtto","Invierno",0.99,0.94,5.88,0.5,6,1
"2019-39","Pozoz","Invierno",0.99,0.94,5.88,0.61,4.22,1.97
"2019-4","Instrumentos","Verano",0.98,0.95,5.16,0.5,16.9,2
"2019-40","Electricidad","Verano",0.99,0.93,5.91,0.5,7,5.5
"2019-41","Mecanica VAL","Verano",0.99,0.93,5.91,0,12,0
"2019-42","Instrumentos","Verano",0.99,0.93,5.91,0.38,6.28,1.12
"2019-42","Linea de Mtto","Verano",0.99,0.93,5.91,0.75,9.5,1.5
"2019-43","Instrumentos","Verano",0.99,0.93,5.91,0.38,4.46,0.89
"2019-43","Linea de Mtto","Verano",0.99,0.93,5.91,0.72,6.71,2.58
"2019-43","Mecanica","Verano",0.99,0.93,5.91,1.45,15.2,1.35
"2019-43","Pozoz","Verano",0.99,0.93,5.91,0.86,4.06,2.41
"2019-44","Instrumentos","Verano",0.99,0.93,5.91,0.49,8.55,1.6
"2019-44","Linea de Mtto","Verano",0.99,0.93,5.91,0.69,8,2.43
"2019-44","Pozoz","Verano",0.99,0.93,5.91,0.62,4.38,2.75
"2019-45","Mecanica","Verano",0.99,0.92,5.89,0.83,9.98,2.15
"2019-45","Mecanica CBM","Verano",0.99,0.92,5.89,0.35,11.27,1.46
"2019-47","Electricidad","Verano",0.99,0.92,5.89,1.8,7,5.4
"2019-5","Electricidad","Verano",0.98,0.94,5.49,0.6,9,1.7
"2019-5","Instrumentos","Verano",0.99,0.94,5.82,0.1,2,0
"2019-5","Mecanica","Verano",0.98,0.94,5.66,1.18,11.88,1.93
"2019-50","Mecanica VAL","Verano",0.99,0.94,5.46,1.6,7,1.5
"2019-7","Instrumentos","Verano",0.99,0.94,5.82,0.4,8.75,1.45
"2019-8","Instrumentos","Verano",0.99,0.94,5.82,0.45,6.5,0.3
"2019-8","Mecanica","Verano",0.99,0.94,5.82,1.3,7.5,1.35
"2019-9","Electricidad","Verano",0.99,0.94,5.59,0.85,9.43,2.28
"2019-9","Instrumentos","Verano",0.99,0.94,5.82,0.55,10.62,2.4
"2019-9","Mecanica","Verano",0.99,0.92,4.67,0.8,9.65,2.14
"2019-9","Mecanica VAL","Verano",0.99,0.92,4.67,0.75,8,1.55
"2019-9","Pozoz","Verano",0.99,0.92,4.67,0.79,7.24,2.61
"2020-10","Electricidad","Verano",0.99,0.91,5.93,0.68,7.68,2.27
"2020-10","Instrumentos","Verano",0.99,0.91,5.93,0.53,7.62,0.89
"2020-10","Linea de Mtto","Verano",0.99,0.91,5.93,0.55,6.06,1.89
"2020-10","Mecanica","Verano",0.99,0.91,5.93,0.74,8.59,1.75
"2020-10","Mecanica CBM","Verano",0.99,0.91,5.93,0.36,3.33,0.42
"2020-10","Mecanica VAL","Verano",0.99,0.91,5.93,0.85,11.24,2.85
"2020-10","Pozoz","Verano",0.99,0.91,5.93,0.84,5.52,2.97
"2020-11","Electricidad","Verano",0.99,0.91,5.93,0.85,7,2.75
"2020-11","Instrumentos","Verano",0.99,0.91,5.93,0.52,7.76,1.05
"2020-11","Mecanica VAL","Verano",0.99,0.91,5.93,1.5,7,2.7
"2020-11","Pozoz","Verano",0.99,0.91,5.93,1,7.33,2.02
"2020-12","Electricidad","Verano",0.99,0.91,5.93,0.45,4.75,3.2
"2020-12","Instrumentos","Verano",0.99,0.91,5.93,0.39,5.61,0.95
"2020-12","Linea de Mtto","Verano",0.99,0.91,5.93,0.14,4.21,0.57
"2020-12","Mecanica","Verano",0.99,0.91,5.93,0.76,9.79,1.92
"2020-12","Mecanica CBM","Verano",0.99,0.91,5.93,0.15,4.5,0.7
"2020-12","Mecanica VAL","Verano",0.99,0.91,5.93,0.51,9.75,1.83
"2020-12","Pozoz","Verano",0.99,0.91,5.93,0.87,5.22,3.13
"2020-13","Electricidad","Verano",0.99,0.91,5.93,0.58,6.53,1.67
"2020-13","Instrumentos","Verano",0.99,0.91,5.93,0.44,8.62,1.2
"2020-13","Linea de Mtto","Verano",0.99,0.91,5.93,0.05,1.52,0.2
"2020-13","Mecanica","Verano",0.99,0.91,5.93,0.78,8.42,1.63
"2020-13","Mecanica CBM","Verano",0.99,0.91,5.93,0.52,5.83,1.12
"2020-13","Mecanica VAL","Verano",0.99,0.91,5.93,0.69,12.76,2.69
"2020-13","Pozoz","Verano",0.99,0.91,5.93,0.64,4.45,2.46
"2020-14","Electricidad","Verano",0.99,0.93,5.31,0.5,5,1.3
"2020-14","Instrumentos","Verano",0.99,0.93,5.31,0.75,7,1.25
"2020-14","Linea de Mtto","Verano",0.99,0.93,5.31,0.5,16,1.5
"2020-14","Mecanica","Verano",0.99,0.93,5.31,0.86,10.9,2.24
"2020-14","Mecanica CBM","Verano",0.99,0.93,5.31,0.2,8,1
"2020-14","Mecanica VAL","Verano",0.99,0.93,5.31,0.82,10,3.15
"2020-14","Pozoz","Verano",0.99,0.93,5.31,0.67,5.33,1.63
"2020-15","Electricidad","Verano",0.99,0.93,5.31,0.77,9.77,2.48
"2020-15","Instrumentos","Verano",0.99,0.93,5.31,0.35,6.85,1.05
"2020-15","Mecanica","Verano",0.99,0.93,5.31,0.82,12.18,2.93
"2020-15","Mecanica VAL","Verano",0.99,0.93,5.31,0.86,7.89,1.86
"2020-15","Pozoz","Verano",0.99,0.93,5.31,0.83,5.01,2.8
"2020-16","Electricidad","Verano",0.99,0.93,5.31,0.92,11.82,2.66
"2020-16","Instrumentos","Verano",0.99,0.93,5.31,0.29,7.21,0.6
"2020-16","Linea de Mtto","Verano",0.99,0.93,5.31,0.7,8.67,2.37
"2020-16","Mecanica","Verano",0.99,0.93,5.31,0.71,7.95,1.85
"2020-16","Mecanica CBM","Verano",0.99,0.93,5.31,0.25,3,0.5
"2020-16","Mecanica VAL","Verano",0.99,0.93,5.31,0.57,12.08,1.96
"2020-16","Pozoz","Verano",0.99,0.93,5.31,0.75,5.94,2.84
"2020-17","Electricidad","Verano",0.99,0.93,5.31,0.6,5.5,2.55
"2020-17","Instrumentos","Verano",0.99,0.93,5.31,0.32,8.14,0.76
"2020-17","Mecanica","Verano",0.99,0.93,5.31,0.56,8.12,1.78
"2020-17","Mecanica CBM","Verano",0.99,0.93,5.31,0.26,5.78,0.8
"2020-17","Mecanica VAL","Verano",0.99,0.93,5.31,1.13,13,2.95
"2020-17","Pozoz","Verano",0.99,0.93,5.31,0.57,4.39,2.29
"2020-18","Instrumentos","Invierno",0.99,0.93,6.68,0.5,5.42,0.8
"2020-18","Instrumentos","Verano",0.99,0.93,5.31,0.5,21,1.6
"2020-18","Mecanica","Invierno",0.99,0.93,6.68,0.45,10,1.85
"2020-18","Pozoz","Invierno",0.99,0.93,6.68,0.5,6,2.7
"2020-19","Electricidad","Invierno",0.99,0.93,6.68,0.5,10,1
"2020-19","Linea de Mtto","Invierno",0.99,0.93,6.68,0.5,15,1.5
"2020-19","Mecanica","Invierno",0.99,0.93,6.68,0.71,8.11,1.87
"2020-19","Mecanica VAL","Invierno",0.99,0.93,6.68,1.5,21,4.1
"2020-2","Pozoz","Verano",0.99,0.95,5.96,0.57,4.93,4.23
"2020-20","Electricidad","Invierno",0.99,0.93,6.68,0.68,6.83,2.24
"2020-20","Instrumentos","Invierno",0.99,0.93,6.68,0.62,5.7,1.44
"2020-20","Pozoz","Invierno",0.99,0.93,6.68,0.61,3.86,2.17
"2020-21","Electricidad","Invierno",0.99,0.93,6.68,0.8,8,1.5
"2020-21","Linea de Mtto","Invierno",0.99,0.93,6.68,0.17,2.67,0.5
"2020-21","Mecanica","Invierno",0.99,0.93,6.68,0.77,9.12,2.28
"2020-21","Mecanica CBM","Invierno",0.99,0.93,6.68,0.2,8,1.3
"2020-21","Mecanica VAL","Invierno",0.99,0.93,6.68,0.81,9.35,2.32
"2020-21","Pozoz","Invierno",0.99,0.93,6.68,1.02,7.2,2.83
"2020-22","Electricidad","Invierno",0.99,0.93,6.68,0.73,9.12,1.95
"2020-22","Instrumentos","Invierno",0.99,0.95,5.35,0.38,6.84,0.62
"2020-22","Linea de Mtto","Invierno",0.99,0.93,6.68,1.33,7.93,2.15
"2020-22","Mecanica","Invierno",0.99,0.93,6.68,0.6,6.72,1.65
"2020-22","Mecanica VAL","Invierno",0.99,0.93,6.68,0.2,7,1.5
"2020-22","Pozoz","Invierno",0.99,0.94,6.34,0.61,6.53,2.45
"2020-23","Instrumentos","Invierno",0.99,0.95,5.31,0.46,4.57,0.81
"2020-23","Linea de Mtto","Invierno",0.99,0.95,5.31,1,7.33,4.3
"2020-23","Mecanica","Invierno",0.99,0.95,5.31,0.78,10.34,2.17
"2020-23","Mecanica VAL","Invierno",0.99,0.95,5.31,0.41,7,1.2
"2020-24","Electricidad","Invierno",0.99,0.95,5.31,0.4,7,1.94
"2020-24","Instrumentos","Invierno",0.99,0.95,5.31,0.2,6,0.35
"2020-24","Mecanica CBM","Invierno",0.99,0.95,5.31,0.2,6,1.4
"2020-24","Pozoz","Invierno",0.99,0.95,5.31,0.76,8.1,3.04
"2020-25","Mecanica","Invierno",0.99,0.95,5.31,0.67,7.9,1.94
"2020-25","Mecanica CBM","Invierno",0.99,0.95,5.31,0.2,5,1.6
"2020-25","Mecanica VAL","Invierno",0.99,0.95,5.31,0.5,4.5,0.75
"2020-25","Pozoz","Invierno",0.99,0.95,5.31,0.6,4,2.4
"2020-26","Electricidad","Invierno",0.99,0.95,5.31,0.43,6.67,1.53
"2020-26","Instrumentos","Invierno",0.99,0.95,5.31,0.55,6.49,1.05
"2020-26","Linea de Mtto","Invierno",0.99,0.95,5.31,0.8,1,2.8
"2020-26","Mecanica","Invierno",0.99,0.95,5.31,0.79,7,1.32
"2020-26","Mecanica CBM","Invierno",0.99,0.95,5.31,0,11,0
"2020-26","Mecanica VAL","Invierno",0.99,0.95,5.31,0.46,9.2,1.84
"2020-26","Pozoz","Invierno",0.99,0.95,5.31,0.78,5.51,1.99
"2020-27","Mecanica","Invierno",0.99,0.94,5.31,0,12,5.4
"2020-28","Instrumentos","Invierno",0.99,0.94,5.31,0.41,5.43,0.48
"2020-28","Mecanica","Invierno",0.99,0.94,5.31,0.3,2,0
"2020-28","Pozoz","Invierno",0.99,0.94,5.31,1,5,4.6
"2020-29","Electricidad","Invierno",0.99,0.94,5.31,0.31,4.89,1.24
"2020-29","Instrumentos","Invierno",0.99,0.94,5.31,0.36,6.83,1.09
"2020-29","Linea de Mtto","Invierno",0.99,0.94,5.31,2,22,1.5
"2020-29","Mecanica","Invierno",0.99,0.94,5.31,0.73,7.98,1.61
"2020-29","Mecanica VAL","Invierno",0.99,0.94,5.31,0.62,6.67,1.89
"2020-29","Pozoz","Invierno",0.99,0.94,5.31,1.35,11.5,1.75
"2020-3","Instrumentos","Verano",0.99,0.95,5.96,0.5,7,1.45
"2020-30","Electricidad","Invierno",0.99,0.94,5.31,0.71,11.98,2.6
"2020-30","Linea de Mtto","Invierno",0.99,0.94,5.31,1,6,3.2
"2020-30","Mecanica","Invierno",0.99,0.94,5.31,0.78,7.82,1.8
"2020-30","Mecanica VAL","Invierno",0.99,0.94,5.31,0.65,9.91,3.23
"2020-30","Pozoz","Invierno",0.99,0.94,5.31,0.97,7.86,3.16
"2020-31","Electricidad","Invierno",0.99,0.93,5.94,0.35,6.35,1.1
"2020-31","Pozoz","Invierno",0.99,0.92,6.58,0.3,2,1.7
"2020-32","Electricidad","Invierno",0.99,0.92,6.58,0.61,11.22,3.06
"2020-32","Mecanica","Invierno",0.99,0.92,6.58,0.75,7.81,1.78
"2020-32","Mecanica CBM","Invierno",0.99,0.92,6.58,1.2,16.1,4.1
"2020-32","Mecanica VAL","Invierno",0.99,0.92,6.58,1.1,13,2.2
"2020-32","Pozoz","Invierno",0.99,0.92,6.58,0.75,5.5,2.57
"2020-33","Instrumentos","Invierno",0.99,0.92,6.58,1.15,16,2.4
"2020-33","Mecanica","Invierno",0.99,0.92,6.58,0.5,7,1.5
"2020-33","Mecanica CBM","Invierno",0.99,0.92,6.58,0.3,5,0.9
"2020-33","Pozoz","Invierno",0.99,0.92,6.58,1,9,4
"2020-34","Electricidad","Invierno",0.99,0.92,6.58,0.62,6.2,1.59
"2020-34","Instrumentos","Invierno",0.99,0.92,6.58,0.26,3.48,0.63
"2020-34","Mecanica","Invierno",0.99,0.92,6.58,0.67,9.34,1.74
"2020-34","Mecanica CBM","Invierno",0.99,0.92,6.58,1.1,10.2,1.2
"2020-34","Mecanica VAL","Invierno",0.99,0.92,6.58,0.4,10.28,2.71
"2020-34","Pozoz","Invierno",0.99,0.92,6.58,0.76,5.15,2.5
"2020-35","Electricidad","Invierno",0.99,0.92,6.58,0.87,10.61,2.13
"2020-35","Instrumentos","Invierno",0.99,0.92,6.58,0.51,7,0.95
"2020-35","Linea de Mtto","Invierno",0.99,0.92,6.58,0.9,7.27,3.13
"2020-35","Mecanica","Invierno",0.95,0.94,6.2,0.77,4.57,0.86
"2020-35","Mecanica CBM","Invierno",0.99,0.92,6.58,1,8,1.7
"2020-35","Pozoz","Invierno",0.99,0.92,6.58,0.72,3.96,2.36
"2020-36","Electricidad","Invierno",0.95,0.94,6.2,1.05,10.75,1.6
"2020-36","Instrumentos","Invierno",0.95,0.94,6.2,0.3,4,4.9
"2020-36","Linea de Mtto","Invierno",0.95,0.94,6.2,0.35,4.25,1.15
"2020-36","Mecanica","Invierno",0.95,0.94,6.2,0.62,7.91,1.35
"2020-36","Mecanica VAL","Invierno",0.95,0.94,6.2,0.76,14.4,4.06
"2020-37","Instrumentos","Invierno",0.95,0.94,6.2,0.5,8,0
"2020-38","Instrumentos","Invierno",0.95,0.94,6.2,0.25,8.64,1.14
"2020-38","Mecanica","Invierno",0.95,0.94,6.2,0.72,7.85,1.59
"2020-38","Mecanica CBM","Invierno",0.95,0.94,6.2,0.6,12,2.1
"2020-38","Mecanica VAL","Invierno",0.95,0.94,6.2,0.8,9,3.25
"2020-38","Pozoz","Invierno",0.95,0.94,6.2,0.89,7.95,2.07
"2020-39","Electricidad","Invierno",0.95,0.94,6.2,0.7,11.1,3.23
"2020-39","Instrumentos","Invierno",0.95,0.94,6.2,0.52,6.23,1.32
"2020-39","Linea de Mtto","Invierno",0.95,0.94,6.2,0.5,8,2.4
"2020-39","Mecanica","Invierno",0.95,0.94,6.2,0.38,5.8,1.14
"2020-39","Mecanica CBM","Invierno",0.95,0.94,6.2,0.13,5,1.3
"2020-39","Mecanica VAL","Invierno",0.95,0.94,6.2,0.8,10.17,1.77
"2020-39","Pozoz","Invierno",0.95,0.94,6.2,0.78,7.67,2.62
"2020-40","Electricidad","Verano",0.96,0.96,5.87,0.6,7.73,2.92
"2020-40","Mecanica","Verano",0.96,0.96,5.87,0.1,4.5,1.5
"2020-40","Mecanica CBM","Verano",0.96,0.96,5.87,0.65,13.05,2.7
"2020-40","Mecanica VAL","Verano",0.96,0.96,5.87,0.5,11.67,3.3
"2020-40","Pozoz","Verano",0.96,0.96,5.87,0.62,8.07,3.7
"2020-41","Mecanica CBM","Verano",0.96,0.96,5.87,0.5,14,4.2
"2020-41","Pozoz","Verano",0.96,0.96,5.87,1,4,0
"2020-42","Electricidad","Verano",0.96,0.96,5.87,0.58,7.83,1.43
"2020-42","Instrumentos","Verano",0.96,0.96,5.87,0.43,6,0.73
"2020-42","Linea de Mtto","Verano",0.96,0.96,5.87,0.88,8.5,2.85
"2020-42","Mecanica","Verano",0.96,0.96,5.87,0.7,9.5,2.13
"2020-42","Mecanica CBM","Verano",0.96,0.96,5.87,0.3,2,0.2
"2020-42","Mecanica VAL","Verano",0.96,0.96,5.87,1.2,7,3
"2020-42","Pozoz","Verano",0.96,0.96,5.87,0.79,8.35,3.01
"2020-43","Electricidad","Verano",0.96,0.96,5.87,0.82,7,3.28
"2020-43","Linea de Mtto","Verano",0.96,0.96,5.87,0.8,6,1.8
"2020-43","Mecanica","Verano",0.96,0.96,5.87,0.93,15,2.3
"2020-43","Mecanica CBM","Verano",0.96,0.96,5.87,0,2,0
"2020-43","Mecanica VAL","Verano",0.96,0.96,5.87,0.9,10.5,5.45
"2020-43","Pozoz","Verano",0.96,0.96,5.87,0.25,3,0.8
"2020-44","Electricidad","Verano",0.96,0.96,5.87,0.59,7.71,1.97
"2020-44","Instrumentos","Verano",0.96,0.96,5.87,0,7,1.95
"2020-44","Linea de Mtto","Verano",0.96,0.96,5.87,0.5,11,4.7
"2020-44","Mecanica","Verano",0.97,0.95,5.7,0.74,10.81,2.14
"2020-44","Mecanica CBM","Verano",0.99,0.94,5.37,0.5,7,1.6
"2020-44","Mecanica VAL","Verano",0.97,0.95,5.66,0.4,10.71,1.9
"2020-44","Pozoz","Verano",0.96,0.96,5.87,0.83,4.86,1.63
"2020-45","Electricidad","Verano",0.99,0.94,5.37,1,14,3
"2020-45","Instrumentos","Verano",0.99,0.94,5.37,0.1,5.2,0.64
"2020-45","Linea de Mtto","Verano",0.99,0.94,5.37,0.5,4.75,2.55
"2020-45","Pozoz","Verano",0.99,0.94,5.37,0.75,4.75,1.83
"2020-46","Electricidad","Verano",0.99,0.94,5.37,0.5,16,1.5
"2020-46","Instrumentos","Verano",0.99,0.94,5.37,0.79,1.14,0.14
"2020-46","Linea de Mtto","Verano",0.99,0.94,5.37,0.2,2,1.25
"2020-46","Pozoz","Verano",0.99,0.94,5.37,0.83,8,3.07
"2020-47","Electricidad","Verano",0.99,0.94,5.37,0.76,7.4,2.82
"2020-47","Instrumentos","Verano",0.99,0.94,5.37,0.45,5.38,0.57
"2020-47","Linea de Mtto","Verano",0.99,0.94,5.37,0.45,9.5,2.35
"2020-47","Mecanica","Verano",0.99,0.94,5.37,0.98,10.17,2.35
"2020-47","Mecanica CBM","Verano",0.99,0.94,5.37,0.47,8,1.03
"2020-47","Mecanica VAL","Verano",0.99,0.94,5.37,0.93,11.62,2.14
"2020-47","Pozoz","Verano",0.99,0.94,5.37,0.75,2.5,1.35
"2020-48","Electricidad","Verano",0.99,0.94,5.37,0.67,8.77,4.23
"2020-48","Instrumentos","Verano",0.99,0.94,5.4,0.46,8.44,1.49
"2020-48","Linea de Mtto","Verano",0.99,0.94,5.37,1,6,1.6
"2020-48","Mecanica","Verano",0.99,0.94,5.37,0.53,4.83,0.9
"2020-48","Mecanica VAL","Verano",0.99,0.95,5.44,1.02,13.6,2.3
"2020-48","Pozoz","Verano",0.99,0.94,5.37,0.59,3.62,1.51
"2020-49","Electricidad","Verano",1,0.96,5.71,0.48,7.38,1.68
"2020-49","Instrumentos","Verano",1,0.96,5.71,0.55,6.5,1.2
"2020-49","Linea de Mtto","Verano",1,0.96,5.71,0.5,6,2.6
"2020-49","Mecanica","Verano",1,0.96,5.71,0.5,7,1.5
"2020-49","Pozoz","Verano",1,0.96,5.71,0.82,6.56,1.96
"2020-5","Instrumentos","Verano",0.99,0.94,5.39,0.25,6.4,0.75
"2020-50","Electricidad","Verano",1,0.96,5.71,0.67,8.33,2.23
"2020-50","Instrumentos","Verano",1,0.96,5.71,0.38,6.85,0.81
"2020-50","Pozoz","Verano",1,0.96,5.71,0.85,5.21,2.24
"2020-51","Electricidad","Verano",1,0.96,5.71,0.52,8.42,1.9
"2020-51","Instrumentos","Verano",1,0.96,5.71,0.5,5,1.3
"2020-51","Mecanica","Verano",1,0.96,5.71,0.74,9.78,1.83
"2020-51","Mecanica CBM","Verano",1,0.96,5.71,0.6,7,1.7
"2020-51","Mecanica VAL","Verano",1,0.96,5.71,0.57,9.07,1.89
"2020-51","Pozoz","Verano",1,0.96,5.71,0.96,6.2,2.72
"2020-52","Electricidad","Verano",1,0.96,5.71,0.23,10.6,2.64
"2020-52","Instrumentos","Verano",1,0.96,5.71,0.15,6.2,0.59
"2020-52","Linea de Mtto","Verano",1,0.96,5.71,0.9,12.67,2.9
"2020-52","Mecanica","Verano",1,0.96,5.71,0.48,9,1.95
"2020-52","Mecanica CBM","Verano",1,0.96,5.71,0.13,2,0.6
"2020-52","Mecanica VAL","Verano",1,0.96,5.71,0.87,14.17,3
"2020-52","Pozoz","Verano",1,0.96,5.71,0.54,3.64,1.76
"2020-53","Mecanica VAL","Verano",1,0.96,5.71,2,7,5
"2020-6","Electricidad","Verano",0.99,0.94,5.39,0.46,8.48,2.23
"2020-6","Mecanica CBM","Verano",0.99,0.94,5.39,0.33,3.43,0.37
"2020-6","Pozoz","Verano",0.99,0.94,5.39,1.25,10,1.85
"2020-7","Electricidad","Verano",0.99,0.94,5.39,0.9,7.83,2.85
"2020-7","Mecanica","Verano",0.99,0.94,5.39,0.78,7.8,2.96
"2020-7","Mecanica CBM","Verano",0.99,0.94,5.39,0.49,6.47,1.39
"2020-7","Mecanica VAL","Verano",0.99,0.94,5.39,0.52,7.08,1.6
"2020-7","Pozoz","Verano",0.99,0.94,5.39,1.1,4.13,2.99
"2020-8","Electricidad","Verano",0.99,0.94,5.39,0.66,7.19,2.14
"2020-8","Instrumentos","Verano",0.99,0.94,5.39,0.57,7.63,1.38
"2020-8","Linea de Mtto","Verano",0.99,0.94,5.39,0.62,7.68,2.41
"2020-8","Mecanica","Verano",0.99,0.94,5.39,0.84,9.74,2.1
"2020-8","Mecanica CBM","Verano",0.99,0.94,5.39,0.56,7.54,1.44
"2020-8","Mecanica VAL","Verano",0.99,0.94,5.39,0.74,10.49,2.36
"2020-8","Pozoz","Verano",0.99,0.94,5.39,0.84,5.64,2.79
"2020-9","Electricidad","Verano",0.99,0.91,5.93,0.75,7.05,1.25
"2020-9","Instrumentos","Verano",0.99,0.92,5.86,0.46,7.77,0.99
"2020-9","Linea de Mtto","Verano",0.99,0.94,5.39,0.5,8.5,2.75
"2020-9","Mecanica","Verano",0.99,0.93,5.57,0.52,7.56,2.61
"2020-9","Mecanica VAL","Verano",0.99,0.91,5.88,0.78,10.56,2.27
"2020-9","Pozoz","Verano",0.99,0.93,5.63,0.78,5.87,2.4
"2021-1","Electricidad","Verano",1,0.97,6.48,0.9,7,3.9
"2021-1","Linea de Mtto","Verano",1,0.97,6.48,1.04,8.71,4.03
"2021-1","Mecanica","Verano",1,0.97,6.48,1,9.5,1.75
"2021-1","Pozoz","Verano",1,0.97,6.48,0.5,7,1.5
"2021-10","Electricidad","Verano",1,0.96,6.25,0.85,7.2,1.93
"2021-10","Pozoz","Verano",1,0.96,6.25,0.56,7.62,1.47
"2021-11","Electricidad","Verano",1,0.96,6.25,0.9,9.43,2.76
"2021-11","Mecanica CBM","Verano",1,0.96,6.25,0.05,5,0.75
"2021-11","Pozoz","Verano",1,0.96,6.25,1,6,1.2
"2021-12","Instrumentos","Verano",1,0.96,6.25,0.32,8.8,1.4
"2021-12","Linea de Mtto","Verano",1,0.96,6.25,0.5,10,5
"2021-12","Mecanica","Verano",1,0.96,6.25,0.64,8.45,1.9
"2021-12","Mecanica VAL","Verano",1,0.96,6.25,0.45,10.64,2.73
"2021-13","Electricidad","Verano",1,0.96,6.25,0.21,6.67,1.3
"2021-13","Instrumentos","Verano",1,0.96,6.25,0.2,7,1
"2021-13","Pozoz","Verano",1,0.96,6.25,1.12,6.5,2.15
"2021-14","Electricidad","Verano",0.99,0.96,5.58,0.66,8.39,1.48
"2021-14","Mecanica CBM","Verano",0.99,0.96,5.58,0.07,2,0.42
"2021-14","Pozoz","Verano",0.99,0.96,5.58,2,12,2.4
"2021-15","Electricidad","Verano",0.99,0.96,5.58,0.47,8.38,1.65
"2021-15","Instrumentos","Verano",0.99,0.96,5.58,0.29,6.38,1.08
"2021-15","Linea de Mtto","Verano",0.99,0.96,5.58,0.25,3.5,1.85
"2021-15","Mecanica","Verano",0.99,0.96,5.58,0.5,7,1.5
"2021-15","Pozoz","Verano",0.99,0.96,5.58,0.76,5.88,2.08
"2021-16","Linea de Mtto","Verano",0.99,0.96,5.58,0.5,17,1.5
"2021-16","Mecanica","Verano",0.99,0.96,5.58,0.7,9.42,2.13
"2021-16","Mecanica CBM","Verano",0.99,0.96,5.58,0.2,5,1.9
"2021-16","Mecanica VAL","Verano",0.99,0.96,5.58,0.83,13.14,1.67
"2021-16","Pozoz","Verano",0.99,0.96,5.58,2,10,4.4
"2021-17","Electricidad","Verano",0.99,0.96,5.58,0,7,2
"2021-17","Linea de Mtto","Verano",0.99,0.96,5.58,0.6,5.75,2.35
"2021-17","Mecanica","Verano",0.99,0.96,5.58,0.8,9,1.5
"2021-17","Mecanica VAL","Verano",0.99,0.96,5.58,1,14,3.1
"2021-17","Pozoz","Verano",0.99,0.96,5.58,1,6,2.2
"2021-18","Mecanica CBM","Invierno",0.99,0.92,4.87,0.3,6,1.4
"2021-19","Instrumentos","Invierno",0.99,0.92,4.87,0.35,6.73,0.76
"2021-19","Linea de Mtto","Invierno",0.99,0.92,4.87,0.3,8,0.5
"2021-19","Pozoz","Invierno",0.99,0.92,4.87,0.9,7.58,2.17
"2021-2","Electricidad","Verano",1,0.97,6.48,0.4,6.32,1.13
"2021-2","Instrumentos","Verano",1,0.97,6.48,0.5,4,0.8
"2021-2","Linea de Mtto","Verano",1,0.97,6.48,1,7.4,3.22
"2021-2","Mecanica","Verano",1,0.97,6.48,0.25,8.25,2.05
"2021-2","Mecanica CBM","Verano",1,0.97,6.48,0.2,3,1.5
"2021-2","Pozoz","Verano",1,0.97,6.48,0.5,3,2.38
"2021-20","Electricidad","Invierno",0.99,0.92,4.87,0.66,7.55,1.95
"2021-20","Instrumentos","Invierno",0.99,0.92,4.87,0.64,9.07,2.77
"2021-20","Linea de Mtto","Invierno",0.99,0.92,4.87,0.88,11.75,2.38
"2021-20","Mecanica","Invierno",0.99,0.92,4.87,0.83,8.78,2.11
"2021-20","Mecanica VAL","Invierno",0.99,0.92,4.87,0.48,9.54,1.38
"2021-20","Pozoz","Invierno",0.99,0.92,4.87,0.83,7.43,2.22
"2021-21","Electricidad","Invierno",0.99,0.92,4.87,0.78,8.57,3.51
"2021-21","Mecanica","Invierno",0.99,0.92,4.87,0.9,17.5,1.45
"2021-21","Mecanica CBM","Invierno",0.99,0.92,4.87,0.1,6.5,0.5
"2021-21","Pozoz","Invierno",0.99,0.92,4.87,1.25,6,3.8
"2021-22","Linea de Mtto","Invierno",0.99,0.92,4.87,0.5,18,1.5
"2021-22","Mecanica","Invierno",0.99,0.92,4.87,1,12.65,1.96
"2021-22","Mecanica VAL","Invierno",0.99,0.92,4.87,0.81,9.17,1.88
"2021-23","Instrumentos","Invierno",0.99,0.96,4.7,0.3,10,0
"2021-24","Instrumentos","Invierno",0.99,0.96,4.7,0.35,5.08,0.94
"2021-24","Linea de Mtto","Invierno",0.99,0.96,4.7,0.5,7.5,0.75
"2021-24","Pozoz","Invierno",0.99,0.96,4.7,1.05,6.67,2.59
"2021-25","Electricidad","Invierno",0.99,0.96,4.7,0.64,5.75,1.6
"2021-25","Linea de Mtto","Invierno",0.99,0.96,4.7,0.66,12.6,1.94
"2021-25","Mecanica","Invierno",0.99,0.96,4.7,0.78,10.7,1.85
"2021-25","Mecanica CBM","Invierno",0.99,0.96,4.7,0.08,2,0
"2021-25","Mecanica VAL","Invierno",0.99,0.96,4.7,0.9,10.33,2.29
"2021-25","Pozoz","Invierno",0.99,0.96,4.7,0.35,5,2.6
"2021-26","Electricidad","Invierno",0.99,0.96,4.72,0.78,8.54,2.45
"2021-26","Instrumentos","Invierno",0.99,0.96,4.73,0.36,5.59,0.9
"2021-26","Linea de Mtto","Invierno",1,0.97,4.78,0.65,4.75,3.4
"2021-26","Mecanica","Invierno",0.99,0.96,4.7,0.58,11,1.28
"2021-26","Mecanica VAL","Invierno",0.99,0.96,4.7,1.15,8.25,2.55
"2021-26","Pozoz","Invierno",0.99,0.96,4.75,0.74,5.88,2.81
"2021-27","Electricidad","Invierno",1,0.97,4.78,0.4,8.5,1
"2021-27","Instrumentos","Invierno",1,0.97,4.78,0.32,5.74,0.92
"2021-27","Mecanica","Invierno",1,0.97,4.78,1.35,16,2.9
"2021-27","Mecanica VAL","Invierno",1,0.97,4.78,2,14,2.1
"2021-28","Electricidad","Invierno",1,0.97,4.78,2,21,3
"2021-28","Instrumentos","Invierno",1,0.97,4.78,0.2,8,1.7
"2021-28","Linea de Mtto","Invierno",1,0.97,4.78,0.7,6,2
"2021-28","Mecanica","Invierno",1,0.97,4.78,0.45,7.5,1.2
"2021-29","Electricidad","Invierno",1,0.97,4.78,0.61,7.88,1.54
"2021-29","Instrumentos","Invierno",1,0.97,4.78,0.18,3.6,0.76
"2021-29","Linea de Mtto","Invierno",1,0.97,4.78,0.77,13,1.37
"2021-29","Mecanica","Invierno",1,0.97,4.78,0.77,10.36,1.77
"2021-29","Mecanica CBM","Invierno",1,0.97,4.78,1.6,8,1.2
"2021-29","Mecanica VAL","Invierno",1,0.97,4.78,0.81,12.64,2.15
"2021-3","Instrumentos","Verano",1,0.97,6.48,0.37,6.78,1.62
"2021-3","Mecanica VAL","Verano",1,0.97,6.48,1,21,5.1
"2021-3","Pozoz","Verano",1,0.97,6.48,0.62,4.54,2.04
"2021-30","Electricidad","Invierno",1,0.97,4.78,0.7,9.75,1.7
"2021-30","Instrumentos","Invierno",1,0.97,4.78,0.42,5.12,0.94
"2021-30","Linea de Mtto","Invierno",1,0.97,4.78,0.5,9.5,1.15
"2021-30","Mecanica","Invierno",1,0.97,4.78,0.88,11.78,2.51
"2021-30","Pozoz","Invierno",1,0.97,4.78,1.21,7.7,2.84
"2021-31","Electricidad","Invierno",1,0.97,4.7,0.51,7.45,1.35
"2021-31","Instrumentos","Invierno",1,0.97,4.7,0.1,1.17,0.33
"2021-31","Mecanica","Invierno",1,0.97,4.7,0.5,7,1.5
"2021-31","Mecanica VAL","Invierno",1,0.97,4.78,0.5,8,1.47
"2021-31","Pozoz","Invierno",1,0.97,4.7,0.75,6.5,1.85
"2021-32","Electricidad","Invierno",1,0.97,4.7,0.5,7,1.5
"2021-32","Instrumentos","Invierno",1,0.97,4.7,0.2,7,0.6
"2021-33","Electricidad","Invierno",1,0.97,4.7,0.62,9.4,1.81
"2021-33","Linea de Mtto","Invierno",1,0.97,4.7,1,5,2.7
"2021-33","Pozoz","Invierno",1,0.97,4.7,0.5,4.5,2.02
"2021-34","Electricidad","Invierno",1,0.97,4.7,0.95,9.28,2.7
"2021-34","Instrumentos","Invierno",1,0.97,4.7,0.52,6.98,0.89
"2021-34","Linea de Mtto","Invierno",1,0.97,4.7,0.35,11.75,1.48
"2021-34","Mecanica","Invierno",1,0.97,4.7,0.7,9.9,1.86
"2021-34","Mecanica VAL","Invierno",1,0.97,4.7,0.93,11.38,2.39
"2021-34","Pozoz","Invierno",1,0.97,4.7,1,6.35,2.12
"2021-35","Electricidad","Invierno",1,0.97,5.53,0.5,7,1.5
"2021-35","Instrumentos","Invierno",1,0.97,5.53,0.5,4,0.6
"2021-37","Electricidad","Invierno",1,0.97,5.53,0.61,7.18,1.66
"2021-37","Instrumentos","Invierno",1,0.97,5.53,0.33,5.79,0.48
"2021-37","Mecanica","Invierno",1,0.97,5.53,0.8,7,1.4
"2021-37","Pozoz","Invierno",1,0.97,5.53,1.16,6.56,2.87
"2021-38","Electricidad","Invierno",1,0.97,5.53,1.15,5.5,1.95
"2021-38","Instrumentos","Invierno",1,0.97,5.53,0.35,6,0.3
"2021-38","Linea de Mtto","Invierno",1,0.97,5.53,0.5,11.8,4.08
"2021-38","Mecanica","Invierno",1,0.97,5.53,0.75,9.63,1.93
"2021-38","Mecanica CBM","Invierno",1,0.97,5.53,0.3,12,1.1
"2021-38","Mecanica VAL","Invierno",1,0.97,5.53,0.58,10.53,2.35
"2021-38","Pozoz","Invierno",1,0.97,5.53,0.98,6.67,2.73
"2021-39","Electricidad","Invierno",1,0.97,5.53,0.61,8.97,2.24
"2021-39","Mecanica","Invierno",1,0.97,5.53,0.4,7,1.9
"2021-39","Mecanica VAL","Invierno",1,0.97,5.53,0.5,7,6
"2021-4","Electricidad","Verano",1,0.97,6.48,0.64,8.26,2.27
"2021-4","Instrumentos","Verano",1,0.97,6.48,0.32,7,0.81
"2021-4","Linea de Mtto","Verano",1,0.97,6.48,0.86,8.14,2.5
"2021-4","Mecanica","Verano",1,0.97,6.48,0.81,9.86,2.08
"2021-4","Mecanica CBM","Verano",1,0.97,6.48,0.8,9,1.37
"2021-4","Mecanica VAL","Verano",1,0.97,6.48,1.14,11.43,3.5
"2021-4","Pozoz","Verano",1,0.97,6.48,0.78,6.66,2.2
"2021-40","Instrumentos","Verano",1,0.95,4.84,0.25,3.86,0.4
"2021-40","Linea de Mtto","Verano",1,0.95,4.84,0.67,9.33,3.6
"2021-40","Mecanica","Verano",1,0.95,4.84,0.74,8.24,1.68
"2021-40","Mecanica VAL","Verano",1,0.95,4.84,0.83,13,2.36
"2021-40","Pozoz","Verano",1,0.95,4.84,0.8,5.07,1.89
"2021-41","Electricidad","Verano",1,0.95,4.84,1.25,9.27,2.38
"2021-41","Instrumentos","Verano",1,0.95,4.84,0.52,6.56,0.76
"2021-41","Mecanica","Verano",1,0.95,4.84,0.5,7,1.5
"2021-41","Mecanica CBM","Verano",1,0.95,4.84,0.61,4.57,1.17
"2021-41","Mecanica VAL","Verano",1,0.95,4.84,0.5,14,1.5
"2021-41","Pozoz","Verano",1,0.95,4.84,0.65,4,1.35
"2021-42","Electricidad","Verano",1,0.95,4.84,1.3,14,3.5
"2021-42","Instrumentos","Verano",1,0.95,4.84,0,4,0.6
"2021-42","Mecanica","Verano",1,0.95,4.84,0.71,9.61,2.31
"2021-42","Mecanica CBM","Verano",1,0.95,4.84,0.2,13,1.7
"2021-42","Mecanica VAL","Verano",1,0.95,4.84,1.14,13,2.79
"2021-43","Electricidad","Verano",1,0.95,4.84,0.95,9.53,2.2
"2021-43","Instrumentos","Verano",1,0.95,4.84,0.32,4.5,1.77
"2021-43","Linea de Mtto","Verano",1,0.95,4.84,0.5,20,1.5
"2021-43","Mecanica","Verano",1,0.95,4.84,1.04,11.18,2.02
"2021-43","Mecanica VAL","Verano",1,0.95,4.84,0.95,8.5,1.73
"2021-44","Electricidad","Verano",1,0.97,5.28,0.77,7.33,1.8
"2021-44","Mecanica","Verano",1,0.95,4.84,0.95,10.4,2.4
"2021-44","Mecanica VAL","Verano",1,0.95,4.84,1,14,3.2
"2021-45","Instrumentos","Verano",1,0.97,5.28,0.29,5.72,0.46
"2021-45","Pozoz","Verano",1,0.97,5.28,0.74,5.47,2.01
"2021-46","Electricidad","Verano",1,0.97,5.28,0.68,8.5,1.17
"2021-46","Mecanica","Verano",1,0.97,5.28,0.74,8.81,1.77
"2021-46","Mecanica CBM","Verano",1,0.97,5.28,0.1,2,0
"2021-46","Mecanica VAL","Verano",1,0.97,5.28,0.58,10.36,2.76
"2021-46","Pozoz","Verano",1,0.97,5.28,1,6,2.7
"2021-47","Electricidad","Verano",1,0.97,5.28,0.4,6,0.8
"2021-47","Mecanica","Verano",1,0.97,5.28,0.59,8.08,2.14
"2021-47","Mecanica VAL","Verano",1,0.97,5.28,0.8,7.5,2.25
"2021-48","Electricidad","Verano",1,0.97,5.28,0.4,4,0.3
"2021-48","Instrumentos","Verano",0.99,0.96,4.87,0.4,6.59,0.71
"2021-48","Linea de Mtto","Verano",0.99,0.96,4.87,0.3,6,1.63
"2021-48","Mecanica","Verano",1,0.97,5.23,0.63,7.9,1.55
"2021-48","Mecanica CBM","Verano",1,0.97,5.28,0.5,3,0
"2021-48","Mecanica VAL","Verano",1,0.96,5.01,0.62,12.33,1.78
"2021-48","Pozoz","Verano",0.99,0.96,4.87,0.98,6.62,2.45
"2021-49","Electricidad","Verano",0.99,0.96,4.87,0.9,11.5,2.5
"2021-49","Instrumentos","Verano",0.99,0.96,4.87,0,4.5,1.2
"2021-49","Pozoz","Verano",0.99,0.96,4.87,0.63,6.15,1.54
"2021-5","Electricidad","Verano",1,0.95,5.97,0.4,8.4,2.08
"2021-5","Instrumentos","Verano",1,0.94,5.63,0.56,6.38,1.11
"2021-5","Linea de Mtto","Verano",1,0.94,5.63,1.3,11,5.8
"2021-5","Mecanica","Verano",1,0.94,5.63,0.69,8.86,2.02
"2021-5","Mecanica CBM","Verano",1,0.94,5.63,0.5,12.95,2.5
"2021-5","Mecanica VAL","Verano",1,0.94,5.63,0.9,13,1.97
"2021-5","Pozoz","Verano",1,0.94,5.63,0.5,10.25,1.48
"2021-50","Electricidad","Verano",0.99,0.96,4.87,0.5,7,1.5
"2021-50","Instrumentos","Verano",0.99,0.96,4.87,0.5,10,0.6
"2021-50","Mecanica","Verano",0.99,0.96,4.87,0.82,10.15,1.95
"2021-50","Mecanica VAL","Verano",0.99,0.96,4.87,1.18,12.25,2.4
"2021-51","Electricidad","Verano",0.99,0.96,4.87,0.68,6.33,2.79
"2021-51","Instrumentos","Verano",0.99,0.96,4.87,0.12,5.25,0.15
"2021-51","Mecanica","Verano",0.99,0.96,4.87,0.84,9.38,2.01
"2021-51","Mecanica VAL","Verano",0.99,0.96,4.87,0.74,12,1.5
"2021-51","Pozoz","Verano",0.99,0.96,4.87,1,6,2.7
"2021-52","Mecanica","Verano",0.99,0.96,4.87,0.52,4.41,1.37
"2021-52","Mecanica VAL","Verano",0.99,0.96,4.87,0.89,9.36,1.99
"2021-53","Mecanica","Verano",0.99,0.96,4.87,0.86,8.73,2.03
"2021-53","Mecanica CBM","Verano",0.99,0.96,4.87,0.2,8,1
"2021-53","Mecanica VAL","Verano",0.99,0.96,4.87,0.5,7,5
"2021-6","Electricidad","Verano",1,0.94,5.63,0.44,5.2,1.59
"2021-6","Instrumentos","Verano",1,0.94,5.63,0.25,5.25,0.68
"2021-6","Linea de Mtto","Verano",1,0.94,5.63,0.8,10,3.6
"2021-6","Pozoz","Verano",1,0.94,5.63,1,5,2.2
"2021-7","Electricidad","Verano",1,0.94,5.63,1.07,8,3.53
"2021-7","Linea de Mtto","Verano",1,0.94,5.63,0.48,7.75,1.98
"2021-7","Pozoz","Verano",1,0.94,5.63,1.33,6.33,2.13
"2021-8","Electricidad","Verano",1,0.94,5.63,0.52,8.35,1.87
"2021-8","Instrumentos","Verano",1,0.94,5.63,0.5,6.97,0.9
"2021-8","Linea de Mtto","Verano",1,0.94,5.63,1,6,5.9
"2021-8","Mecanica","Verano",1,0.94,5.63,0.88,9.14,2.16
"2021-8","Mecanica CBM","Verano",1,0.94,5.63,0.27,8.63,1.13
"2021-8","Mecanica VAL","Verano",1,0.94,5.63,1.06,18,3.48
"2021-8","Pozoz","Verano",1,0.94,5.63,0.51,6.25,1.56
"2021-9","Electricidad","Verano",1,0.96,6.25,0.7,6.95,1.87
"2021-9","Instrumentos","Verano",1,0.96,6.25,0.29,4.12,0.59
"2021-9","Linea de Mtto","Verano",1,0.96,6.25,0.4,4,2.7
"2021-9","Mecanica","Verano",1,0.96,6.25,0.92,9.62,1.92
"2021-9","Mecanica CBM","Verano",1,0.96,6.25,0.95,13.55,2.45
"2021-9","Mecanica VAL","Verano",1,0.96,6.25,0.5,7,4.5
"2021-9","Pozoz","Verano",1,0.96,6.25,0.86,5.64,2.3
"2022-1","Electricidad","Verano",1,0.98,5.2,0.46,8.38,2.36
"2022-1","Instrumentos","Verano",1,0.98,5.2,0.17,3.38,0.47
"2022-1","Mecanica","Verano",1,0.98,5.2,0.9,12.5,3.2
"2022-1","Mecanica CBM","Verano",1,0.98,5.2,0.38,2.17,0.08
"2022-1","Pozoz","Verano",1,0.98,5.2,0.25,6,1.9
"2022-10","Mecanica","Verano",1,0.96,4.77,1.9,7,5
"2022-10","Mecanica VAL","Verano",1,0.96,4.77,0.3,4,0.3
"2022-10","Pozoz","Verano",1,0.96,4.77,1,4,2.1
"2022-11","Electricidad","Verano",1,0.96,4.77,0.58,8.88,1.66
"2022-11","Linea de Mtto","Verano",1,0.96,4.77,0.5,11,4.15
"2022-11","Mecanica","Verano",1,0.96,4.77,0.78,9.92,2.2
"2022-11","Mecanica VAL","Verano",1,0.96,4.77,0.72,9,1.93
"2022-12","Instrumentos","Verano",1,0.96,4.77,0.23,10.67,1.9
"2022-12","Mecanica","Verano",1,0.96,4.77,0.5,14,2.5
"2022-12","Mecanica VAL","Verano",1,0.96,4.77,0.65,6.5,1.98
"2022-13","Electricidad","Verano",1,0.96,4.77,1.5,15,1.6
"2022-13","Linea de Mtto","Verano",1,0.96,4.77,0.56,10.6,0.96
"2022-13","Mecanica","Verano",1,0.98,4.75,1.07,12.55,3.02
"2022-13","Mecanica CBM","Verano",1,0.98,4.75,0.5,6,0.6
"2022-13","Mecanica VAL","Verano",1,0.98,4.75,0.99,13.86,3.54
"2022-14","Electricidad","Verano",1,0.98,4.75,0.41,7.62,2.2
"2022-14","Mecanica CBM","Verano",1,0.98,4.75,0.5,4,0.7
"2022-15","Mecanica","Verano",1,0.98,4.75,0.93,9.83,1.2
"2022-15","Mecanica VAL","Verano",1,0.98,4.75,1.25,10.5,1.7
"2022-15","Pozoz","Verano",1,0.98,4.75,1,12.17,2.8
"2022-16","Electricidad","Verano",1,0.98,4.75,0.69,8.48,2.25
"2022-16","Instrumentos","Verano",1,0.98,4.75,0.35,8.31,0.68
"2022-16","Mecanica","Verano",1,0.98,4.75,0.78,9.1,1.84
"2022-16","Mecanica CBM","Verano",1,0.98,4.75,0.3,8.5,3.05
"2022-16","Mecanica VAL","Verano",1,0.98,4.75,1,14,3.05
"2022-16","Pozoz","Verano",1,0.98,4.75,0.67,6.36,1.55
"2022-17","Electricidad","Verano",1,0.98,4.75,0.25,5.5,2.05
"2022-17","Instrumentos","Verano",1,0.98,4.75,0.43,3.33,1.2
"2022-17","Linea de Mtto","Verano",1,0.98,4.75,0.2,4,3.4
"2022-17","Mecanica","Verano",1,0.98,4.75,0.62,8.92,1.94
"2022-17","Mecanica VAL","Verano",1,0.98,4.75,0.8,7,5.4
"2022-17","Pozoz","Verano",1,0.98,4.75,0.83,8,1.93
"2022-19","Electricidad","Invierno",0.99,0.96,5.07,0.68,8.37,2.82
"2022-19","Instrumentos","Invierno",0.99,0.96,5.07,0.41,6.17,0.83
"2022-19","Linea de Mtto","Invierno",0.99,0.96,5.07,0.45,13,2.07
"2022-19","Mecanica CBM","Invierno",0.99,0.96,5.07,0.8,10,1.45
"2022-19","Pozoz","Invierno",0.99,0.96,5.07,1.01,7.19,2.35
"2022-2","Instrumentos","Verano",1,0.98,5.2,0.09,3.25,0.19
"2022-2","Linea de Mtto","Verano",1,0.98,5.2,0.25,4,0.75
"2022-2","Pozoz","Verano",1,0.98,5.2,0.82,6.65,2.28
"2022-20","Electricidad","Invierno",0.99,0.96,5.07,0.75,9.5,2.2
"2022-20","Mecanica","Invierno",0.99,0.96,5.07,0.85,10.01,2.32
"2022-20","Mecanica VAL","Invierno",0.99,0.96,5.07,0.81,9.89,2.63
"2022-21","Mecanica","Invierno",0.99,0.96,5.07,0.82,11,1.8
"2022-21","Mecanica VAL","Invierno",0.99,0.96,5.07,0.5,7,1.5
"2022-21","Pozoz","Invierno",0.99,0.96,5.07,0.8,4,2.2
"2022-22","Electricidad","Invierno",1,0.95,5.52,0.95,8,1.9
"2022-22","Mecanica","Invierno",0.99,0.95,5.33,0.85,10.96,2.25
"2022-22","Mecanica CBM","Invierno",0.99,0.95,5.3,0.5,10,1.1
"2022-22","Mecanica VAL","Invierno",0.99,0.96,5.19,0.85,10.18,2.71
"2022-22","Pozoz","Invierno",0.99,0.96,5.07,1,7,1.45
"2022-23","Electricidad","Invierno",1,0.95,5.52,0.47,7.55,1.36
"2022-23","Instrumentos","Invierno",1,0.95,5.52,0.32,6.82,0.95
"2022-23","Pozoz","Invierno",1,0.95,5.52,0.5,8,1.2
"2022-24","Electricidad","Invierno",1,0.95,5.52,0.92,8.58,2.36
"2022-24","Mecanica CBM","Invierno",1,0.95,5.52,0.5,7,5.9
"2022-24","Pozoz","Invierno",1,0.95,5.52,0.96,6.7,2.56
"2022-25","Mecanica","Invierno",1,0.95,5.52,0.92,9.3,1.88
"2022-25","Mecanica CBM","Invierno",1,0.95,5.52,0.5,14,1
"2022-25","Mecanica VAL","Invierno",1,0.95,5.52,0.6,9.6,2.33
"2022-25","Pozoz","Invierno",1,0.95,5.52,0.64,7.12,2.04
"2022-26","Electricidad","Invierno",1,0.95,5.52,0.46,4.93,1.35
"2022-27","Electricidad","Invierno",1,0.96,5.08,1,10.12,2.56
"2022-27","Mecanica","Invierno",1,0.96,5.08,0.62,9.12,2.3
"2022-27","Mecanica CBM","Invierno",1,0.96,5.08,0.44,5.2,0.72
"2022-27","Mecanica VAL","Invierno",1,0.96,5.08,1.02,10,2.34
"2022-27","Pozoz","Invierno",1,0.96,5.08,0.5,7,1.5
"2022-28","Electricidad","Invierno",1,0.96,5.08,0.59,9.13,1.58
"2022-29","Instrumentos","Invierno",1,0.96,5.08,0.26,7.81,1.02
"2022-29","Mecanica","Invierno",1,0.96,5.08,0.6,11.04,1.62
"2022-29","Mecanica VAL","Invierno",1,0.96,5.08,0.5,7,1.5
"2022-29","Pozoz","Invierno",1,0.96,5.08,0.92,7.49,2.45
"2022-30","Electricidad","Invierno",1,0.96,5.08,0.73,7.33,2.23
"2022-30","Mecanica","Invierno",1,0.96,5.08,0.64,9.73,1.72
"2022-30","Mecanica CBM","Invierno",1,0.96,5.08,0,2,0
"2022-30","Mecanica VAL","Invierno",1,0.96,5.08,1.05,11.33,2.07
"2022-30","Pozoz","Invierno",1,0.96,5.08,1,7,2.7
"2022-31","Electricidad","Invierno",0.99,0.96,5.31,0.91,7.24,1.84
"2022-31","Linea de Mtto","Invierno",0.99,0.96,5.31,0.8,6.85,1.55
"2022-31","Mecanica","Invierno",0.99,0.96,5.31,0.83,10.54,2.54
"2022-31","Mecanica CBM","Invierno",0.99,0.96,5.31,0.33,4.22,0.91
"2022-31","Mecanica VAL","Invierno",0.99,0.96,5.31,1.5,10.8,1.94
"2022-31","Pozoz","Invierno",0.99,0.96,5.31,0.75,5.62,2.36
"2022-33","Electricidad","Invierno",0.99,0.96,5.31,0,8,1.6
"2022-33","Instrumentos","Invierno",0.99,0.96,5.31,0.45,6.63,0.82
"2022-33","Linea de Mtto","Invierno",0.99,0.96,5.31,0.5,13.67,1
"2022-33","Pozoz","Invierno",0.99,0.96,5.31,0.88,5.97,2.41
"2022-34","Electricidad","Invierno",0.99,0.96,5.31,1,10.2,2.43
"2022-34","Instrumentos","Invierno",0.99,0.96,5.31,0.9,12,0.6
"2022-34","Linea de Mtto","Invierno",0.99,0.96,5.31,1.5,9.67,1.67
"2022-34","Mecanica","Invierno",0.99,0.96,5.31,0.76,8.87,1.71
"2022-34","Mecanica VAL","Invierno",0.99,0.96,5.31,1.1,19.25,2.85
"2022-34","Pozoz","Invierno",0.99,0.96,5.31,1.17,7,2.57
"2022-35","Instrumentos","Invierno",0.99,0.96,5.31,0.28,6,0.7
"2022-35","Mecanica","Invierno",0.99,0.96,5.31,0.86,10.35,2.11
"2022-35","Mecanica VAL","Invierno",0.99,0.96,5.31,0.5,7,1.5
"2022-35","Pozoz","Invierno",0.99,0.96,5.31,1.14,8.38,2.48
"2022-37","Electricidad","Invierno",1,0.93,4.61,0.41,7.73,2.76
"2022-37","Instrumentos","Invierno",1,0.93,4.61,0.35,6.44,0.71
"2022-37","Linea de Mtto","Invierno",1,0.93,4.61,1.05,7.5,3.7
"2022-37","Pozoz","Invierno",1,0.93,4.61,0.99,6.21,1.78
"2022-38","Electricidad","Invierno",1,0.93,4.61,0.4,7.83,1.93
"2022-38","Instrumentos","Invierno",1,0.93,4.61,0.35,6.82,0.95
"2022-38","Linea de Mtto","Invierno",1,0.93,4.61,0.7,5,0
"2022-38","Mecanica","Invierno",1,0.93,4.61,0.93,11.29,2.68
"2022-38","Mecanica CBM","Invierno",1,0.93,4.61,0.2,3.67,0
"2022-38","Pozoz","Invierno",1,0.93,4.61,0.85,7.31,2.05
"2022-39","Electricidad","Invierno",1,0.93,4.61,0.55,10.42,3.29
"2022-39","Instrumentos","Invierno",1,0.93,4.61,0,10,0.95
"2022-39","Mecanica","Invierno",1,0.93,4.61,0.62,8.88,1.85
"2022-39","Mecanica VAL","Invierno",1,0.93,4.61,0.71,9.2,2.26
"2022-39","Pozoz","Invierno",1,0.93,4.61,0.58,5,1.9
"2022-4","Electricidad","Verano",1,0.98,5.2,0.64,9.29,1.86
"2022-4","Instrumentos","Verano",1,0.98,5.2,0.24,5.84,0.45
"2022-4","Linea de Mtto","Verano",1,0.98,5.2,0.7,11,1.5
"2022-4","Mecanica","Verano",1,0.98,5.2,0.5,7,1.5
"2022-4","Mecanica CBM","Verano",1,0.98,5.2,0.1,4,0.7
"2022-4","Mecanica VAL","Verano",1,0.98,5.2,0.95,8,1.55
"2022-4","Pozoz","Verano",1,0.98,5.2,0.85,5.24,2.35
"2022-40","Electricidad","Verano",1,0.98,5,0.4,4.5,0.7
"2022-40","Instrumentos","Verano",1,0.98,5,0.38,6,0.75
"2022-40","Mecanica","Verano",1,0.98,5,0.9,12.19,2.22
"2022-40","Mecanica VAL","Verano",1,0.98,5,0.65,11.5,1.85
"2022-40","Pozoz","Verano",1,0.98,5,0.82,7.5,2.59
"2022-42","Electricidad","Verano",1,0.98,5,0.31,6.66,1.77
"2022-42","Instrumentos","Verano",1,0.98,5,0.7,12,1.8
"2022-42","Mecanica","Verano",1,0.98,5,0.57,8.02,1.53
"2022-42","Mecanica VAL","Verano",1,0.98,5,0.5,7.71,2.59
"2022-42","Pozoz","Verano",1,0.98,5,0.87,6.47,2.16
"2022-43","Instrumentos","Verano",1,0.98,5,0.37,6.68,1.12
"2022-43","Pozoz","Verano",1,0.98,5,0.84,8.2,2.65
"2022-44","Mecanica","Verano",1,0.99,5.23,0.74,10.3,1.92
"2022-44","Mecanica VAL","Verano",1,0.99,5.23,0.97,14.5,2.03
"2022-44","Pozoz","Verano",1,0.99,5.23,1.07,6.67,2.53
"2022-46","Electricidad","Verano",1,0.99,5.23,0.6,8.61,2.37
"2022-46","Linea de Mtto","Verano",1,0.99,5.23,1.1,14.5,3.35
"2022-46","Mecanica CBM","Verano",1,0.99,5.23,0.8,9.75,2.58
"2022-46","Mecanica VAL","Verano",1,0.99,5.23,0.5,7,1.5
"2022-46","Pozoz","Verano",1,0.99,5.23,0.96,5.22,2.18
"2022-47","Electricidad","Verano",1,0.99,5.23,0.66,8.08,2.47
"2022-47","Linea de Mtto","Verano",1,0.99,5.23,0.5,13,4.4
"2022-47","Mecanica","Verano",1,0.99,5.23,0.8,10.37,1.96
"2022-47","Mecanica CBM","Verano",1,0.99,5.23,0.42,4.17,0.68
"2022-47","Mecanica VAL","Verano",1,0.99,5.23,0.77,10.5,2.13
"2022-47","Pozoz","Verano",1,0.99,5.23,0.97,4,2.4
"2022-48","Electricidad","Verano",1,0.99,5.23,0,4,0
"2022-48","Instrumentos","Verano",1,0.99,5.23,0.58,6.11,1.29
"2022-48","Linea de Mtto","Verano",1,0.99,5.23,0.7,4,5.9
"2022-48","Pozoz","Verano",1,0.99,5.23,0.66,4.54,1.98
"2022-5","Electricidad","Verano",0.97,0.98,5.3,0.5,13,3
"2022-5","Instrumentos","Verano",1,0.98,5.2,0,3,0.6
"2022-5","Linea de Mtto","Verano",0.97,0.98,5.3,1,12,5.9
"2022-5","Mecanica","Verano",0.97,0.98,5.3,0.79,9.41,2.03
"2022-5","Mecanica CBM","Verano",0.97,0.98,5.3,0.3,14,1.4
"2022-5","Mecanica VAL","Verano",0.97,0.98,5.3,0.55,10.91,2.13
"2022-5","Pozoz","Verano",0.97,0.98,5.3,0.85,6.15,2.17
"2022-50","Linea de Mtto","Verano",0.99,0.96,4.55,1,14.43,3.19
"2022-50","Mecanica","Verano",0.99,0.96,4.55,0.81,8.65,2.19
"2022-50","Mecanica VAL","Verano",0.99,0.96,4.55,0.62,9.25,2.28
"2022-50","Pozoz","Verano",0.99,0.96,4.55,0.68,4.5,2
"2022-51","Electricidad","Verano",0.99,0.96,4.55,0.46,4.38,0.97
"2022-51","Pozoz","Verano",0.99,0.96,4.55,1.11,6.75,2.96
"2022-52","Electricidad","Verano",0.99,0.96,4.55,0.7,7,1.2
"2022-52","Instrumentos","Verano",0.99,0.96,4.55,0.41,7.82,2
"2022-52","Linea de Mtto","Verano",0.99,0.96,4.55,1.5,11,4.3
"2022-52","Mecanica","Verano",0.99,0.96,4.55,0.85,11.62,1.85
"2022-52","Mecanica VAL","Verano",0.99,0.96,4.55,0.76,7.4,1.12
"2022-52","Pozoz","Verano",0.99,0.96,4.55,0.84,5.09,2.17
"2022-6","Electricidad","Verano",0.97,0.98,5.3,0.73,9.71,2.54
"2022-6","Mecanica","Verano",0.97,0.98,5.3,0.5,9,1.8
"2022-7","Electricidad","Verano",0.97,0.98,5.3,1.3,7,1.5
"2022-7","Mecanica","Verano",0.97,0.98,5.3,0.65,7.67,1.48
"2022-8","Electricidad","Verano",0.97,0.98,5.3,0.72,9.94,2.76
"2022-8","Mecanica","Verano",0.97,0.98,5.3,0.79,10.55,2.23
"2022-8","Mecanica CBM","Verano",0.97,0.98,5.3,0.44,4.5,1.12
"2022-8","Mecanica VAL","Verano",0.97,0.98,5.3,0.5,7,1.5
"2022-8","Pozoz","Verano",0.97,0.98,5.3,1.18,5.67,2.32
"2022-9","Electricidad","Verano",1,0.96,4.77,0.87,9.5,2.36
"2022-9","Mecanica","Verano",0.99,0.97,5.02,0.88,11.05,2.12
"2022-9","Mecanica VAL","Verano",0.98,0.97,5.14,0.64,11,2.24
"2022-9","Pozoz","Verano",0.97,0.98,5.3,0.75,5.25,2
"2023-1","Electricidad","Verano",0.97,0.93,5.26,0.3,4,0.34
"2023-1","Instrumentos","Verano",0.97,0.93,5.26,0.23,7.33,1.27
"2023-1","Linea de Mtto","Verano",0.97,0.93,5.26,0.5,4.78,1.02
"2023-1","Pozoz","Verano",0.97,0.93,5.26,0.73,4.58,2.47
"2023-10","Electricidad","Verano",1,0.95,5.04,0.69,8.71,2.41
"2023-10","Instrumentos","Verano",1,0.95,5.04,0.4,6.3,1.6
"2023-10","Linea de Mtto","Verano",1,0.95,5.04,1.25,9.5,3.45
"2023-10","Pozoz","Verano",1,0.95,5.04,0.77,5.7,2.4
"2023-11","Electricidad","Verano",1,0.95,5.04,0.63,9.22,2
"2023-11","Instrumentos","Verano",1,0.95,5.04,0.39,7.73,1.57
"2023-11","Linea de Mtto","Verano",1,0.95,5.04,0.8,15.4,2.78
"2023-11","Mecanica","Verano",1,0.95,5.04,0.89,8.87,2.02
"2023-11","Mecanica CBM","Verano",1,0.95,5.04,0.5,3.67,0.67
"2023-11","Mecanica VAL","Verano",1,0.95,5.04,0.38,12.04,1.94
"2023-11","Pozoz","Verano",1,0.95,5.04,0.76,4,1.95
"2023-12","Electricidad","Verano",1,0.95,5.04,0.79,11.82,2.04
"2023-12","Mecanica","Verano",1,0.95,5.04,0.65,3,0.45
"2023-12","Mecanica VAL","Verano",1,0.95,5.04,0.5,14,3.5
"2023-13","Electricidad","Verano",1,0.95,5.04,1.07,8.5,1.3
"2023-13","Instrumentos","Verano",1,0.95,5.04,0.28,4.34,0.85
"2023-13","Linea de Mtto","Verano",1,0.95,5.04,0.5,17,1.5
"2023-13","Mecanica","Verano",1,0.95,5.04,0.73,7.33,1.57
"2023-13","Mecanica CBM","Verano",1,0.95,5.04,0.49,6.88,0.45
"2023-13","Mecanica VAL","Verano",1,0.95,5.04,0.64,9.6,2.96
"2023-13","Pozoz","Verano",1,0.95,5.04,0.9,7.48,3
"2023-14","Instrumentos","Verano",0.99,0.93,5.36,0.5,7,4.5
"2023-14","Mecanica","Verano",0.99,0.93,5.36,0.5,12,1.9
"2023-15","Instrumentos","Verano",0.99,0.93,5.36,0.35,5.83,1.83
"2023-15","Linea de Mtto","Verano",0.99,0.93,5.36,0.43,9.67,3.97
"2023-15","Mecanica","Verano",0.99,0.93,5.36,0.82,9.12,1.46
"2023-15","Mecanica VAL","Verano",0.99,0.93,5.36,0.9,11.75,2.28
"2023-15","Pozoz","Verano",0.99,0.93,5.36,0.9,5.36,2.35
"2023-16","Electricidad","Verano",0.99,0.93,5.36,0.77,9.65,1.85
"2023-16","Linea de Mtto","Verano",0.99,0.93,5.36,2,11,1.5
"2023-16","Mecanica","Verano",0.99,0.93,5.36,0.78,10.46,2.03
"2023-16","Mecanica CBM","Verano",0.99,0.93,5.36,0,2,0
"2023-16","Mecanica VAL","Verano",0.99,0.93,5.36,2,15,3.1
"2023-16","Pozoz","Verano",0.99,0.93,5.36,1.2,5.61,2.52
"2023-17","Electricidad","Verano",0.99,0.93,5.36,1.01,10.14,2.16
"2023-17","Instrumentos","Verano",0.99,0.93,5.36,0.39,6.65,1.51
"2023-17","Linea de Mtto","Verano",0.99,0.93,5.36,1,12,3.7
"2023-17","Mecanica","Verano",0.99,0.93,5.36,0.9,11,1.72
"2023-17","Mecanica CBM","Verano",0.99,0.93,5.36,1.5,16,2.7
"2023-17","Pozoz","Verano",0.99,0.93,5.36,1.08,5.23,3.04
"2023-18","Instrumentos","Invierno",0.98,0.94,5.22,0,16,1.2
"2023-18","Mecanica","Invierno",0.98,0.94,5.22,0.97,12.93,2.23
"2023-18","Mecanica VAL","Invierno",0.98,0.94,5.22,1.22,15.4,3.4
"2023-18","Pozoz","Invierno",0.98,0.94,5.22,0.5,6,4.9
"2023-19","Electricidad","Invierno",0.98,0.94,5.22,0.42,8.44,2.5
"2023-19","Linea de Mtto","Invierno",0.98,0.94,5.22,1,6,2.5
"2023-19","Mecanica CBM","Invierno",0.98,0.94,5.22,0.4,7,2.15
"2023-19","Pozoz","Invierno",0.98,0.94,5.22,0.7,5.33,3.23
"2023-2","Electricidad","Verano",0.97,0.93,5.26,1.5,13.5,2.7
"2023-2","Instrumentos","Verano",0.97,0.93,5.26,0.6,5,2.12
"2023-2","Linea de Mtto","Verano",0.97,0.93,5.26,0.63,4.67,1.98
"2023-2","Pozoz","Verano",0.97,0.93,5.26,0.55,3.5,3.25
"2023-20","Instrumentos","Invierno",0.98,0.94,5.22,0.28,6.94,1.28
"2023-20","Linea de Mtto","Invierno",0.98,0.94,5.22,1.65,12.5,5.25
"2023-20","Mecanica","Invierno",0.98,0.94,5.22,0.83,8.21,2.66
"2023-20","Mecanica VAL","Invierno",0.98,0.94,5.22,0.82,5.25,0.98
"2023-20","Pozoz","Invierno",0.98,0.94,5.22,0.86,5.69,2.71
"2023-21","Electricidad","Invierno",0.98,0.94,5.22,0.65,9.77,1.5
"2023-21","Instrumentos","Invierno",0.98,0.94,5.22,1.1,7,5
"2023-21","Linea de Mtto","Invierno",0.98,0.94,5.22,0.5,6,2.5
"2023-21","Mecanica","Invierno",0.98,0.94,5.22,0.75,10.07,2.53
"2023-21","Mecanica CBM","Invierno",0.98,0.94,5.22,0.3,5,1.12
"2023-21","Mecanica VAL","Invierno",0.98,0.94,5.22,1.25,7,1.7
"2023-21","Pozoz","Invierno",0.98,0.94,5.22,0.67,4,1.97
"2023-22","Electricidad","Invierno",0.98,0.94,5.22,1.3,14,3.4
"2023-22","Instrumentos","Invierno",0.99,0.96,4.82,0.36,6.17,1.67
"2023-22","Linea de Mtto","Invierno",0.99,0.96,4.8,1.1,11.2,3.28
"2023-22","Mecanica","Invierno",0.99,0.96,4.84,0.66,8.79,1.97
"2023-22","Mecanica CBM","Invierno",0.99,0.96,4.8,0.35,6,0.9
"2023-22","Mecanica VAL","Invierno",0.99,0.96,4.84,0.48,8.45,1.39
"2023-22","Pozoz","Invierno",0.99,0.95,4.94,0.87,6.17,2.3
"2023-23","Instrumentos","Invierno",0.99,0.96,4.8,0.75,7.5,2.7
"2023-24","Electricidad","Invierno",0.99,0.96,4.8,0.85,10.26,2.01
"2023-24","Instrumentos","Invierno",0.99,0.96,4.8,0.41,5.67,1.06
"2023-24","Linea de Mtto","Invierno",0.99,0.96,4.8,0.53,13.33,1.2
"2023-24","Mecanica","Invierno",0.99,0.96,4.8,0.91,10.38,1.73
"2023-24","Mecanica CBM","Invierno",0.99,0.96,4.8,0.23,5.67,2.2
"2023-24","Mecanica VAL","Invierno",0.99,0.96,4.8,0.79,9.17,2.35
"2023-24","Pozoz","Invierno",0.99,0.96,4.8,0.68,4.75,2.38
"2023-25","Electricidad","Invierno",0.99,0.96,4.8,0.68,9.38,2.1
"2023-25","Linea de Mtto","Invierno",0.99,0.96,4.8,0.75,6.5,2.1
"2023-25","Mecanica","Invierno",0.99,0.96,4.8,0.73,10.22,2.7
"2023-25","Mecanica CBM","Invierno",0.99,0.96,4.8,1.05,6,2.2
"2023-25","Mecanica VAL","Invierno",0.99,0.96,4.8,0.8,9.89,2.46
"2023-25","Pozoz","Invierno",0.99,0.96,4.8,0.83,5.33,3.2
"2023-26","Electricidad","Invierno",0.99,0.96,4.8,0.65,7.88,1.56
"2023-26","Instrumentos","Invierno",0.99,0.96,4.8,0.44,7.41,1.26
"2023-26","Linea de Mtto","Invierno",0.99,0.96,4.8,1.1,14.5,1.9
"2023-26","Mecanica","Invierno",0.99,0.96,4.8,0.64,9.38,2.28
"2023-26","Mecanica CBM","Invierno",0.99,0.96,4.8,0.2,5,1.4
"2023-26","Mecanica VAL","Invierno",0.99,0.96,4.8,0.64,8,2.1
"2023-26","Pozoz","Invierno",0.99,0.96,4.8,0.66,5.95,2.68
"2023-27","Electricidad","Invierno",1,0.96,4.64,0.51,9.92,2.77
"2023-27","Linea de Mtto","Invierno",1,0.96,4.64,0,5.5,4.1
"2023-27","Pozoz","Invierno",1,0.96,4.64,0.5,10,5.4
"2023-28","Electricidad","Invierno",1,0.96,4.64,0.85,7,3.25
"2023-28","Instrumentos","Invierno",1,0.96,4.64,0.25,5,0.75
"2023-28","Linea de Mtto","Invierno",1,0.96,4.64,1.8,10,1.5
"2023-28","Mecanica","Invierno",1,0.96,4.64,0.5,7,2.7
"2023-29","Instrumentos","Invierno",1,0.96,4.64,0.16,6.15,0.65
"2023-29","Linea de Mtto","Invierno",1,0.96,4.64,1.7,12.5,3.5
"2023-29","Mecanica","Invierno",1,0.96,4.64,0.85,9.4,2.05
"2023-29","Mecanica CBM","Invierno",1,0.96,4.64,0.7,5,1
"2023-29","Mecanica VAL","Invierno",1,0.96,4.64,1.09,8.33,2.5
"2023-29","Pozoz","Invierno",1,0.96,4.64,1.47,5,3.25
"2023-3","Electricidad","Verano",0.97,0.93,5.26,0.75,10.3,1.97
"2023-3","Instrumentos","Verano",0.97,0.93,5.26,0.18,5.09,0.95
"2023-3","Linea de Mtto","Verano",0.97,0.93,5.26,1.4,11,4.8
"2023-3","Mecanica","Verano",0.97,0.93,5.26,0.5,7,5.1
"2023-3","Pozoz","Verano",0.97,0.93,5.26,0.75,5.08,2.87
"2023-30","Electricidad","Invierno",1,0.96,4.64,0.8,9.57,2.21
"2023-30","Instrumentos","Invierno",1,0.96,4.64,0.41,6.67,1.27
"2023-30","Linea de Mtto","Invierno",1,0.96,4.64,1,4,2.02
"2023-30","Mecanica","Invierno",1,0.96,4.64,0.86,9.75,2.12
"2023-30","Mecanica CBM","Invierno",1,0.96,4.64,0.5,5.67,0.77
"2023-30","Mecanica VAL","Invierno",1,0.96,4.64,0.47,13.5,2.38
"2023-30","Pozoz","Invierno",1,0.96,4.64,1.27,5.67,2.9
"2023-31","Mecanica","Invierno",0.99,0.95,4.88,0.5,7,5.4
"2023-32","Electricidad","Invierno",0.99,0.95,4.88,0.76,8.57,2.15
"2023-32","Mecanica CBM","Invierno",0.99,0.95,4.88,1.22,5.6,1.38
"2023-32","Pozoz","Invierno",0.99,0.95,4.88,1.17,5.67,2.5
"2023-33","Electricidad","Invierno",0.99,0.95,4.88,0.66,11.89,2.51
"2023-33","Instrumentos","Invierno",0.99,0.95,4.88,0.37,6.29,1.2
"2023-33","Linea de Mtto","Invierno",0.99,0.95,4.88,0.87,11.92,1.93
"2023-33","Mecanica","Invierno",0.99,0.95,4.88,0.6,10.36,1.7
"2023-33","Mecanica CBM","Invierno",0.99,0.95,4.88,0.28,4,1.35
"2023-33","Mecanica VAL","Invierno",0.99,0.95,4.88,0.74,10.67,1.8
"2023-33","Pozoz","Invierno",0.99,0.95,4.88,1.19,6.41,3.08
"2023-34","Electricidad","Invierno",0.99,0.95,4.88,0.92,13.38,2.44
"2023-34","Linea de Mtto","Invierno",0.99,0.95,4.88,0.5,16,1.5
"2023-34","Mecanica","Invierno",0.99,0.95,4.88,0.7,9.28,1.83
"2023-34","Mecanica CBM","Invierno",0.99,0.95,4.88,0.65,4,0.45
"2023-34","Mecanica VAL","Invierno",0.99,0.95,4.88,1,7,4.2
"2023-35","Electricidad","Invierno",0.99,0.95,4.88,1.29,8.5,1.46
"2023-35","Instrumentos","Invierno",0.99,0.95,4.88,0.39,7.15,1.36
"2023-35","Linea de Mtto","Invierno",0.99,0.95,4.88,0.5,3,1.35
"2023-35","Mecanica","Invierno",0.98,0.97,5.31,0.77,8.67,1.98
"2023-35","Mecanica CBM","Invierno",0.98,0.97,5.31,0.2,2,0.6
"2023-35","Mecanica VAL","Invierno",0.98,0.97,5.31,1,14,2
"2023-35","Pozoz","Invierno",0.99,0.95,4.94,1.26,5.14,2.03
"2023-36","Electricidad","Invierno",0.98,0.97,5.31,0.76,12.89,2.16
"2023-36","Instrumentos","Invierno",0.98,0.97,5.31,0.4,7.35,1.69
"2023-36","Linea de Mtto","Invierno",0.98,0.97,5.31,0.94,6.6,2.14
"2023-36","Mecanica VAL","Invierno",0.98,0.97,5.31,0.5,7,1.5
"2023-36","Pozoz","Invierno",0.98,0.97,5.31,1.25,8.5,2.65
"2023-37","Instrumentos","Invierno",0.98,0.97,5.31,0.3,1,0
"2023-37","Mecanica","Invierno",0.98,0.97,5.31,0.65,8.18,1.51
"2023-37","Mecanica VAL","Invierno",0.98,0.97,5.31,0.73,7.67,3.17
"2023-37","Pozoz","Invierno",0.98,0.97,5.31,1.6,6,1.8
"2023-38","Electricidad","Invierno",0.98,0.97,5.31,0.82,11.4,2.64
"2023-38","Linea de Mtto","Invierno",0.98,0.97,5.31,0.5,8.33,2.67
"2023-38","Mecanica","Invierno",0.98,0.97,5.31,0.76,8.37,1.64
"2023-38","Mecanica CBM","Invierno",0.98,0.97,5.31,0.53,6.67,1.77
"2023-38","Mecanica VAL","Invierno",0.98,0.97,5.31,0.66,11.82,1.47
"2023-38","Pozoz","Invierno",0.98,0.97,5.31,1.05,6.5,2.3
"2023-39","Electricidad","Invierno",0.98,0.97,5.31,0.6,10.25,2.25
"2023-39","Instrumentos","Invierno",0.98,0.97,5.31,0.67,7.41,1.67
"2023-39","Mecanica CBM","Invierno",0.98,0.97,5.31,1.07,4.75,0.55
"2023-39","Pozoz","Invierno",0.98,0.97,5.31,0.89,4.75,1.98
"2023-4","Electricidad","Verano",0.97,0.93,5.26,0.59,8.47,2.27
"2023-4","Instrumentos","Verano",0.97,0.93,5.26,0.07,7.33,1.17
"2023-4","Linea de Mtto","Verano",0.97,0.93,5.26,0.77,9.83,4.22
"2023-4","Mecanica","Verano",0.97,0.93,5.26,0.75,8.96,1.84
"2023-4","Mecanica CBM","Verano",0.97,0.93,5.26,0.3,7.67,1.17
"2023-4","Mecanica VAL","Verano",0.97,0.93,5.26,0.76,13.57,2.68
"2023-4","Pozoz","Verano",0.97,0.93,5.26,1.24,4.28,2.81
"2023-40","Electricidad","Verano",0.99,0.94,3.95,1.44,16,3.26
"2023-40","Linea de Mtto","Verano",0.99,0.94,3.95,1.3,5.5,2.7
"2023-40","Mecanica CBM","Verano",0.99,0.94,3.95,1.3,16,2.7
"2023-40","Mecanica VAL","Verano",0.99,0.94,3.95,0.2,11,0.9
"2023-41","Instrumentos","Verano",0.99,0.94,3.95,0.42,6.69,1.32
"2023-41","Linea de Mtto","Verano",0.99,0.94,3.95,0.6,4.5,1.75
"2023-41","Mecanica","Verano",0.99,0.94,3.95,0.69,9.8,2.05
"2023-41","Mecanica CBM","Verano",0.99,0.94,3.95,0.3,4,0.7
"2023-41","Mecanica VAL","Verano",0.99,0.94,3.95,0.35,12.9,2.53
"2023-42","Electricidad","Verano",0.99,0.94,3.95,0.89,11.09,2.66
"2023-42","Instrumentos","Verano",0.99,0.94,3.95,0.5,19,3.6
"2023-42","Linea de Mtto","Verano",0.99,0.94,3.95,0.5,7,1.5
"2023-42","Mecanica","Verano",0.99,0.94,3.95,0.63,7.69,1.88
"2023-42","Mecanica CBM","Verano",0.99,0.94,3.95,0.66,5.93,0.93
"2023-42","Mecanica VAL","Verano",0.99,0.94,3.95,0.57,11.55,2.75
"2023-43","Instrumentos","Verano",0.99,0.94,3.95,1.5,7,3.6
"2023-43","Mecanica","Verano",0.99,0.94,3.95,0.93,8.67,2.1
"2023-44","Electricidad","Verano",0.99,0.95,3.96,0.72,9,3.41
"2023-44","Instrumentos","Verano",0.99,0.94,3.95,0.3,11,1.25
"2023-44","Mecanica VAL","Verano",0.96,0.99,4.06,1.15,10,1.85
"2023-44","Pozoz","Verano",0.98,0.96,4,0.65,2.5,1.35
"2023-45","Electricidad","Verano",0.96,0.99,4.06,0.72,9.4,2.55
"2023-45","Instrumentos","Verano",0.96,0.99,4.06,0.59,9.5,2.24
"2023-45","Mecanica","Verano",0.96,0.99,4.06,0.3,6,1.6
"2023-45","Pozoz","Verano",0.96,0.99,4.06,0.56,6.81,3
"2023-46","Electricidad","Verano",0.96,0.99,4.06,1.5,12,0.9
"2023-46","Instrumentos","Verano",0.96,0.99,4.06,0.54,11.43,2.26
"2023-46","Mecanica","Verano",0.96,0.99,4.06,0.88,10.05,2.18
"2023-46","Mecanica VAL","Verano",0.96,0.99,4.06,0.62,9.5,1.95
"2023-46","Pozoz","Verano",0.96,0.99,4.06,0.71,6.23,2.47
"2023-47","Electricidad","Verano",0.96,0.99,4.06,0.81,8.54,2.45
"2023-47","Instrumentos","Verano",0.96,0.99,4.06,0.2,3,1
"2023-47","Linea de Mtto","Verano",0.96,0.99,4.06,0.9,5.5,3.3
"2023-47","Mecanica","Verano",0.96,0.99,4.06,0.4,8,1.35
"2023-48","Electricidad","Verano",0.96,0.99,4.06,0.5,7,1.5
"2023-48","Instrumentos","Verano",0.98,0.99,4.44,0.34,6.21,1.23
"2023-48","Pozoz","Verano",0.98,0.99,4.47,1.23,6.44,2.91
"2023-49","Electricidad","Verano",0.98,0.99,4.47,0.5,7,1.5
"2023-49","Linea de Mtto","Verano",0.98,0.99,4.47,0.5,14.5,1.5
"2023-49","Mecanica","Verano",0.98,0.99,4.47,0.81,10,2.01
"2023-49","Mecanica CBM","Verano",0.98,0.99,4.47,0.15,2,0.5
"2023-49","Mecanica VAL","Verano",0.98,0.99,4.47,1,14.67,3.27
"2023-49","Pozoz","Verano",0.98,0.99,4.47,1,4,1.1
"2023-5","Electricidad","Verano",1,0.97,5.1,1.85,7,1.5
"2023-50","Electricidad","Verano",0.98,0.99,4.47,0.5,7.5,1.5
"2023-50","Instrumentos","Verano",0.98,0.99,4.47,0.4,5.5,1.35
"2023-50","Linea de Mtto","Verano",0.98,0.99,4.47,0.62,15.5,1.73
"2023-50","Mecanica","Verano",0.98,0.99,4.47,0.6,7.67,1.81
"2023-50","Mecanica VAL","Verano",0.98,0.99,4.47,0.75,11,2.04
"2023-50","Pozoz","Verano",0.98,0.99,4.47,0.25,6.75,1.5
"2023-51","Electricidad","Verano",0.98,0.99,4.47,1.18,8.5,2.34
"2023-51","Instrumentos","Verano",0.98,0.99,4.47,0.07,6.33,1.3
"2023-51","Mecanica","Verano",0.98,0.99,4.47,0.5,12,1.5
"2023-51","Mecanica CBM","Verano",0.98,0.99,4.47,0.5,10,3.1
"2023-51","Mecanica VAL","Verano",0.98,0.99,4.47,2,14,2
"2023-51","Pozoz","Verano",0.98,0.99,4.47,0,2,0
"2023-52","Electricidad","Verano",0.98,0.99,4.47,1.13,8.33,2.93
"2023-52","Instrumentos","Verano",0.98,0.99,4.47,0.1,5.07,1.19
"2023-52","Linea de Mtto","Verano",0.98,0.99,4.47,0.25,12.5,0.75
"2023-52","Mecanica","Verano",0.98,0.99,4.47,0.69,7.86,2.01
"2023-52","Mecanica CBM","Verano",0.98,0.99,4.47,0.4,5,0.97
"2023-52","Mecanica VAL","Verano",0.98,0.99,4.47,0.62,10.88,1.89
"2023-52","Pozoz","Verano",0.98,0.99,4.47,0.5,6,3.4
"2023-53","Pozoz","Verano",0.98,0.99,4.47,0,10,5
"2023-6","Electricidad","Verano",1,0.97,5.1,1.07,7.22,1.56
"2023-6","Linea de Mtto","Verano",1,0.97,5.1,1,3,5
"2023-6","Mecanica CBM","Verano",1,0.97,5.1,0.5,4,0
"2023-6","Pozoz","Verano",1,0.97,5.1,1.5,7.5,3.1
"2023-7","Electricidad","Verano",1,0.97,5.1,0.67,11.08,1.8
"2023-7","Instrumentos","Verano",1,0.97,5.1,0,5.25,1.3
"2023-7","Mecanica","Verano",1,0.97,5.1,0.73,9.08,1.96
"2023-7","Mecanica VAL","Verano",1,0.97,5.1,1.03,10.44,2.09
"2023-7","Pozoz","Verano",1,0.97,5.1,0.85,5.5,1.7
"2023-8","Electricidad","Verano",1,0.97,5.1,0.82,8.5,2.05
"2023-8","Mecanica VAL","Verano",1,0.97,5.1,1.25,12.5,1.5
"2023-8","Pozoz","Verano",1,0.97,5.1,1.4,4,4.4
"2023-9","Electricidad","Verano",1,0.97,5.1,0.8,9,2.87
"2023-9","Linea de Mtto","Verano",1,0.97,5.1,0.5,14.33,1.5
"2023-9","Mecanica","Verano",1,0.97,5.1,0.8,10.33,1.74
"2023-9","Mecanica VAL","Verano",1,0.97,5.1,0,14,1.1
